date,A1,A2,A3,A4,A5
2019-03-26,0.0,0.0,1.0,0.0,0.0
2019-03-27,0.0,0.0,1.0,0.0,0.0
2019-03-28,0.0,0.0,0.8299604480701,0.1700395519299002,0.0
2019-03-29,0.0,0.0,0.8707147104966717,0.12928528950332815,0.0
2019-03-30,0.0,0.0,1.0,0.0,0.0
2019-03-31,0.0,0.0,1.0,0.0,0.0
2019-04-01,0.0,0.0,1.0,0.0,0.0
2019-04-02,0.0,0.0,1.0,0.0,0.0
2019-04-03,0.0,0.0,1.0,0.0,0.0
2019-04-04,0.0,0.0,0.8897365063418403,0.11026349365815973,0.0
2019-04-05,0.0,0.0,1.0,0.0,0.0
2019-04-06,0.0,0.0,0.9995362191158512,0.00046378088414873037,0.0
2019-04-07,0.0,0.0,0.9407961348499462,0.0592038651500536,0.0
2019-04-08,0.0,0.0,0.9907069105415954,0.009293089458404583,0.0
2019-04-09,0.0,0.0,1.0,0.0,0.0
2019-04-10,0.0,0.0,1.0,0.0,0.0
2019-04-11,0.0,0.0,1.0,0.0,0.0
2019-04-12,0.0,0.0,1.0,0.0,0.0
2019-04-13,0.0,0.0,0.8938249118277121,0.10617508817228791,0.0
2019-04-14,0.0,0.0,0.9260753744478849,0.07392462555211513,0.0
2019-04-15,0.0,0.0,0.991157411458129,0.008842588541871092,0.0
2019-04-16,0.008290594025915211,0.0007765451267042166,0.9040439598989017,0.050827282579448824,0.036061618369030005
2019-04-17,0.0,0.0,0.9916788287412913,0.0,0.008321171258708659
2019-04-18,0.0,0.0,1.0,0.0,0.0
2019-04-19,0.008622009725533876,0.0042454175276583,0.9066784668013924,0.05740169612960998,0.023052409815805454
2019-04-20,0.003658393645030052,0.0014003086023663064,0.9594385344226269,0.023931497445862364,0.011571265884114381
2019-04-21,0.011731594533237528,0.006355424001244978,0.8622384419392831,0.09366982017880171,0.02600471934743261
2019-04-22,0.005773332062482664,0.002577426732963544,0.9043026138761854,0.06031671112583066,0.027029916202538154
2019-04-23,0.0063900206614819705,0.005787156593422702,0.8974068061471688,0.071358916304092,0.01905710029383445
2019-04-24,0.0006390629418335679,0.010324135518834937,0.8712571817593069,0.10566189811884287,0.012117721661181633
2019-04-25,0.009263872048857947,0.00189030029749062,0.7958582777255604,0.16254962508368045,0.030437924844410325
2019-04-26,0.004142629722371021,0.006711888495021417,0.8424223903530581,0.12005244162527412,0.02667064980427511
2019-04-27,0.010163267752758562,0.005348377623146491,0.7984530180293311,0.1447745413792496,0.04126079521551433
2019-04-28,0.008395671141800301,0.006286477211360627,0.8476957698988377,0.1014813283295594,0.03614075341844192
2019-04-29,0.010886394680562506,0.005105913412476768,0.8211785906786633,0.11206683892507087,0.05076226230322639
2019-04-30,0.01343744629891637,0.006475387573542678,0.7904453418918066,0.14353918403597235,0.046102640199761784
2019-05-01,0.020067768502410814,0.0068239162798970215,0.6805449120429998,0.2239023166341406,0.06866108654055156
2019-05-02,0.01539961237306408,0.009786061824736101,0.6271284590626779,0.2863169297764647,0.0613689369630573
2019-05-03,0.010088639569547812,0.0019997585483758733,0.6504312813802261,0.29064303777643286,0.04683728272541733
2019-05-04,0.003389255360578061,0.0,0.74033072384629,0.21574653435336846,0.04053348643976347
2019-05-05,0.0,0.012178831632336512,0.6758364483883553,0.2784049350708826,0.03357978490842577
2019-05-06,0.0,0.003100312063140655,0.7504283780012408,0.22523284034800903,0.021238469587609388
2019-05-07,0.0005992447069218428,0.0008610057708929499,0.6738767896136876,0.28504178100658123,0.03962117890191646
2019-05-08,0.0,0.002249486231321249,0.6651609688652106,0.3118819379776251,0.020707606925843152
2019-05-09,0.0,0.0023273431287400385,0.6497483139523844,0.32984456725975747,0.01807977565911813
2019-05-10,0.0,0.003599349151787016,0.6475194788906202,0.321800829161279,0.027080342796313772
2019-05-11,0.0,0.0,0.6486085873470753,0.33922850271492183,0.012162909938002796
2019-05-12,0.0,0.0,0.6283473733863673,0.3531487400999847,0.018503886513648284
2019-05-13,0.0,0.0,0.658738765768518,0.31574994679416907,0.025511287437312978
2019-05-14,0.0,0.0,0.6741000254883434,0.3123381913186639,0.013561783192992734
2019-05-15,0.0,0.0,0.6742125727365732,0.30338748198741816,0.022399945276008606
2019-05-16,0.0,0.0,0.7083828691932145,0.2548441796528852,0.03677295115390042
2019-05-17,0.0,0.0,0.771314951145783,0.1914551692234806,0.037229879630736394
2019-05-18,0.0,0.0,0.7269057034632316,0.23071527078549434,0.04237902575127399
2019-05-19,0.0,0.0,0.631326159962404,0.318394989204043,0.05027885083355282
2019-05-20,0.0,0.0,0.7567939102804592,0.23703478425154045,0.006171305468000196
2019-05-21,0.0,0.0,0.7047704805530133,0.2687333273472237,0.026496192099763036
2019-05-22,0.0,0.001512949885743119,0.5279147974456004,0.417118501756481,0.05345375091217562
2019-05-23,0.0,0.0,0.5227972318039197,0.4136350045967818,0.0635677635992984
2019-05-24,0.0,0.0,0.4037352018166587,0.5432631651948944,0.05300163298844689
2019-05-25,0.0,0.0,0.4497490232565156,0.5113880539104422,0.03886292283304236
2019-05-26,0.0,0.0,0.5930474410778904,0.40695255892210935,0.0
2019-05-27,0.0,0.0,0.2967478503049773,0.6764411964966766,0.02681095319834592
2019-05-28,0.0,0.0,0.24006140026047293,0.7455733428341944,0.014365256905332469
2019-05-29,0.004270370010403138,0.0,0.20221395437907075,0.7553671993107256,0.03814847629980059
2019-05-30,0.030518731288312586,0.006921668282107496,0.09463000425560666,0.7929185940854794,0.07501100208849383
2019-05-31,0.045873803860195086,0.009828873975913893,0.07134873785131998,0.7956869336674353,0.07726165064513581
2019-06-01,0.06632702970249876,0.021383040656617433,0.0998650645603988,0.7199310448624675,0.09249382021801739
2019-06-02,0.10236077869051402,0.027806761352163298,0.09034061979185795,0.6762974918583007,0.10319434830716409
2019-06-03,0.16373257479331982,0.021195677736129556,0.09447645423246517,0.6374342693455615,0.08316102389252394
2019-06-04,0.3820457255775727,0.007455881783367355,0.1091532929706589,0.4446663182470496,0.05667878142135134
2019-06-05,0.5391997324048803,0.0,0.11862487571231127,0.31899021209035716,0.02318517979245123
2019-06-06,0.43180076236850345,0.0,0.2540292856626433,0.3141699519688533,0.0
2019-06-07,0.4955250934648217,0.0,0.2659333507332316,0.23854155580194675,0.0
2019-06-08,0.48702171129117944,0.0,0.16527612956169488,0.34770215914712566,0.0
2019-06-09,0.40359998865130453,0.0,0.25323102384437535,0.34316898750432,0.0
2019-06-10,0.28051157107939945,0.0,0.43196190268309903,0.28752652623750147,0.0
2019-06-11,0.2292513531684067,0.0,0.4218124976898495,0.3489361491417437,0.0
2019-06-12,0.1937881360673667,0.0,0.30498828968886593,0.5012235742437673,0.0
2019-06-13,0.1925593891629929,0.0,0.15612493822328571,0.6513156726137214,0.0
2019-06-14,0.21293896146672178,0.0,0.09722102705829298,0.6898400114749852,0.0
2019-06-15,0.19936471688442203,0.0,0.17788043618144417,0.6227548469341337,0.0
2019-06-16,0.17584984229460263,0.0,0.2474650213890773,0.5766851363163201,0.0
2019-06-17,0.17062096887459777,0.0,0.1733772387309853,0.656001792394417,0.0
2019-06-18,0.21769403212566016,0.0,0.2919684591865616,0.4903375086877783,0.0
2019-06-19,0.37744508359564205,0.0,0.18561803072744343,0.4369368856769145,0.0
2019-06-20,0.42328655542143034,0.0,0.2135407603028828,0.36317268427568694,0.0
2019-06-21,0.48803921224305624,0.0,0.21436339461939669,0.29759739313754696,0.0
2019-06-22,0.5067467722320204,0.0,0.2204806081380465,0.2727726196299331,0.0
2019-06-23,0.519338608403879,0.005131096016047606,0.09489213425573223,0.36887809176250586,0.01176006956183526
2019-06-24,0.5205424762549344,0.004682748050319856,0.07780951930593166,0.38482038418688336,0.012144872201930706
2019-06-25,0.36154447897066383,0.011276365824523453,0.07942555207979093,0.5221966415379868,0.025556961587034875
2019-06-26,0.2076674729016751,0.015182646411533073,0.06685942694024176,0.6757115364225043,0.034578917324045916
2019-06-27,0.07772749010828985,0.009409655182925344,0.08797316944977612,0.8057613427109657,0.019128342548042732
2019-06-28,0.04939902773274084,0.008519391827913711,0.08586422103775462,0.8369137842160297,0.01930357518556119
2019-06-29,0.023084223077619554,0.0,0.034645989860248694,0.9422697870621317,0.0
2019-06-30,0.0,0.0,0.0,1.0,0.0
2019-07-01,0.0,0.0,0.0,1.0,0.0
2019-07-02,0.0,0.0,0.0,1.0,0.0
2019-07-03,0.0,0.0,0.0,1.0,0.0
2019-07-04,0.0,0.0,0.0,1.0,0.0
2019-07-05,0.0,0.0,0.0,1.0,0.0
2019-07-06,0.0,0.0,0.0,1.0,0.0
2019-07-07,0.0,0.0,0.0,1.0,0.0
2019-07-08,0.0,0.0,0.0,1.0,0.0
2019-07-09,0.0,0.0,0.0,1.0,0.0
2019-07-10,0.0,0.0,0.0,1.0,0.0
2019-07-11,0.0,0.0,0.0,1.0,0.0
2019-07-12,0.0,0.0,0.0,1.0,0.0
2019-07-13,0.0,0.0,0.0,1.0,0.0
2019-07-14,0.0,0.0,0.0,1.0,0.0
2019-07-15,0.023310849261619304,0.0,0.035808798290927146,0.9408803524474534,0.0
2019-07-16,0.09444770782580679,0.0,0.03645137190123826,0.8691009202729548,0.0
2019-07-17,0.1157029375935737,0.0,0.047639431354910784,0.8366576310515154,0.0
2019-07-18,0.17606409663296457,0.0,0.06496130052982459,0.7589746028372109,0.0
2019-07-19,0.4040497206133606,0.0,0.04949480115612137,0.5464554782305181,0.0
2019-07-20,0.5270814101721019,0.0,0.07445390184141983,0.3984646879864782,0.0
2019-07-21,0.6738141937641962,0.0,0.0752808546466825,0.25090495158912135,0.0
2019-07-22,0.0,0.0,0.36669984871354266,0.6333001512864573,0.0
2019-07-23,0.0,0.0,0.20408091575000115,0.7959190842499988,0.0
2019-07-24,0.9575995145707644,0.0,0.0,0.04240048542923557,0.0
2019-07-25,0.9720854863135037,0.0,0.0,0.0279145136864963,0.0
2019-07-26,0.9673131959812528,0.0,0.0,0.032686804018747254,0.0
2019-07-27,0.0,0.0,0.1528089773558999,0.8471910226441003,0.0
2019-07-28,0.33002826826761084,0.003899511412386876,0.11833742533943778,0.5413535409983334,0.006381253982231085
2019-07-29,0.3025375094560166,0.0025704432138537597,0.13212447089734264,0.5598073730621828,0.0029602033706042988
2019-07-30,0.0,0.0,0.3355618426483057,0.6644381573516942,0.0
2019-07-31,0.0,0.0,0.29043050337921605,0.7095694966207842,0.0
2019-08-01,0.0,0.0,0.26952050527292637,0.7304794947270736,0.0
2019-08-02,0.0,0.0,0.39590948113885255,0.6040905188611476,0.0
2019-08-03,0.0,0.0,0.44725689860628803,0.552743101393712,0.0
2019-08-04,0.0,0.0,0.4568129152740946,0.5431870847259054,0.0
2019-08-05,0.0,0.0,0.3343456396150224,0.6656543603849775,0.0
2019-08-06,0.0,0.0,0.3935655160037099,0.6064344839962902,0.0
2019-08-14,0.47760526329883335,0.0,0.135085047403879,0.38730968929728765,0.0
2019-08-15,0.5676204214491899,0.0,0.10114435964625343,0.3312352189045567,0.0
2019-08-16,0.588888103612284,0.0,0.07070924274968618,0.3404026536380298,0.0
2019-08-17,0.7010142462979476,0.0,0.05923826727556728,0.23974748642648505,0.0
2019-08-18,0.678384928771621,0.0,0.047311991810562545,0.27430307941781645,0.0
2019-08-19,0.6532697204403387,0.0,0.058126178389263906,0.28860410117039736,0.0
2019-08-20,0.524719738221065,0.00018622132794267332,0.09597632993833378,0.37911771051265863,0.0
2019-08-21,0.5371833202993712,0.0002166730980496679,0.07820485246143331,0.383952451886461,0.00044270225468479897
2019-08-22,0.5884598121433308,0.0,0.08628179759918525,0.325258390257484,0.0
2019-08-23,0.6204693491061116,0.0003287641423212369,0.06480371503622928,0.3131300591988264,0.001268112516511346
2019-08-24,0.6460946833894294,0.0017623336632638133,0.041856949809076505,0.30521097011352727,0.005075063024703015
2019-08-27,0.2523713376633232,0.006804729963339078,0.015319198379064466,0.7104245903571902,0.015080143637082911
2019-08-28,0.15767829169098907,0.0072941642122011235,0.02738200303329697,0.7905746224313536,0.017070918632159385
2019-08-29,0.3734816033133903,0.0024476566227517108,0.07461976905859638,0.5424167474055444,0.007034223599717244
2019-08-30,0.1255816314949338,0.0036950847127129177,0.11237801989776955,0.7521768243702734,0.006168439524310267
2019-08-31,0.05494222285129992,0.003502977555717917,0.06144530213325326,0.8738550638764273,0.006254433583301557
2019-09-01,0.04177826585762065,0.002278455606228004,0.05147440771465249,0.9002327859069459,0.004236084914553288
2019-09-02,0.017633217127290476,0.003367379390757253,0.027439374642580693,0.9453342869922451,0.006225741847126522
2019-09-03,0.00743613840943033,0.001304055194391543,0.022544921640665655,0.9687148847555125,0.0
2019-09-04,0.0027335567707842687,0.0,0.0,0.9972664432292158,0.0
2019-09-05,0.002830273987686655,0.0,0.0,0.9971697260123134,0.0
2019-09-06,0.0034236644357452627,0.0016946157315645381,0.014866341651461725,0.9770640520475892,0.00295132613363926
2019-09-07,0.0040122744839405505,0.002931270229239138,0.03572216777608482,0.9472971454589022,0.010037142051833417
2019-09-08,0.0043757269640204224,0.0041529527551604495,0.04674216656028415,0.9329737964477567,0.011755357272778433
2019-09-09,0.005633770103397662,0.005344110650922426,0.06548829430803627,0.9106371475304748,0.012896677407169155
2019-09-10,0.006087957773400866,0.0057429493178101886,0.06106230629575201,0.9112720575610691,0.015834729051967786
2019-09-11,0.010406877959093334,0.008712284924914201,0.0640170506403638,0.8951901496382353,0.021673636837393137
2019-09-12,0.011544484213396829,0.009286201524221722,0.06458792236543695,0.8906653680104524,0.023916023886491902
2019-09-13,0.010168269716370838,0.007683909951968111,0.06476224543327178,0.8922178749072318,0.02516769999115728
2019-09-14,0.00943303279456707,0.00719298484494741,0.0738740509765045,0.8841261226768886,0.025373808707092264
2019-09-15,0.008875394411937333,0.005951994013788438,0.04678416200758071,0.9143976583105424,0.02399079125615091
2019-09-16,0.006558056529884278,0.004472161161197561,0.021087736094239525,0.9493824129657216,0.01849963324895725
2019-09-17,0.005181912304917616,0.004488753570349606,0.032196424155950976,0.938507922284088,0.01962498768469378
2019-09-18,0.008266535142517732,0.007027120936581817,0.016540505150782328,0.9477978860950214,0.020367952675096664
2019-09-19,0.009192194881955391,0.006561458403731908,0.032963899846556864,0.9332493267882923,0.018033120079463533
2019-09-20,0.010811063354340462,0.007170101120763293,0.043222951388257796,0.9190157352070119,0.01978014892962676
2019-09-21,0.014042700293470399,0.007044065248091445,0.044943635702000675,0.9135719856126089,0.02039761314382856
2019-09-22,0.01861237952745434,0.007676906401330411,0.011766746688941947,0.9369360153083973,0.025007952073876013
2019-09-23,0.016450918328714544,0.006018186519512865,0.018156268515983467,0.9367808061962248,0.02259382043956408
2019-09-24,0.016196767973016307,0.005563914206993786,0.028879922087653807,0.931718581822816,0.01764081390952032
2019-09-25,0.011212552766910883,0.004606247329628034,0.0,0.9675662626764533,0.01661493722700774
2019-09-26,0.015654913378678276,0.0058965856484218745,0.0,0.9619149189633939,0.016533582009506057
2019-09-27,0.02040833228156233,0.006390030498676286,0.0,0.9503620477637749,0.02283958945598647
2019-09-28,0.02187576436997087,0.006553465163615747,0.0,0.9513643156772401,0.020206454789173305
2019-09-29,0.02469038177777681,0.006675229910963247,0.018948936167005388,0.9268917604500009,0.022793691694253645
2019-09-30,0.02522255689484062,0.007964286763294713,0.0039614887891715606,0.937738161319099,0.025113506233593926
2019-10-01,0.03244345884512026,0.007580921846033248,0.0038247104578588223,0.9363008345857429,0.019850074265244926
2019-10-02,0.039975389480839014,0.005730920270310712,0.05919101414754544,0.8834052669623826,0.01169740913892196
2019-10-03,0.03734022770220659,0.00654895421506578,0.061356633278473266,0.8791889614096303,0.015565223394624003
2019-10-04,0.04610921941835314,0.005666492537278224,0.03888012850677873,0.8933747516731195,0.015969407864470358
2019-10-05,0.05853929533414091,0.006785487798117534,0.040147865607495,0.8764741806164384,0.018053170643807962
2019-10-06,0.062128503767293744,0.00690432634484045,0.040373718618924956,0.872571651015786,0.01802180025315487
2019-10-07,0.0637184407392949,0.00800860106531158,0.05455282217368081,0.8536188201181161,0.020101315903596723
2019-10-08,0.07606935361872282,0.00893275853731975,0.06058974415617719,0.832524170170536,0.021883973517244196
2019-10-09,0.09633768404644921,0.008175961824609716,0.0884179852956517,0.7858585336019052,0.021209835231384113
2019-10-10,0.09875046686236881,0.008274071283498316,0.09518705821554929,0.778528467308467,0.019259936330116537
2019-10-11,0.12864543600720346,0.01371700567903121,0.14880559373167151,0.6832598456257725,0.02557211895632135
2019-10-12,0.13262073810005193,0.011440364775001606,0.24276656249705258,0.5936382872074405,0.01953404742045334
2019-10-13,0.1506316444525232,0.011828092160461044,0.31835695565815386,0.5107474800450198,0.008435827683842146
2019-10-14,0.14201155586786463,0.0024512172863805602,0.43848034513198875,0.4170568817137661,0.0
2019-10-15,0.14180017471406173,0.006460817935714347,0.34209299227825873,0.5051177265601752,0.004528288511789991
2019-10-16,0.16653186388789717,0.009550461229719528,0.3463041788122799,0.46316428880661764,0.014449207263485716
2019-10-17,0.17225746177158524,0.010925320193353604,0.40366143104417995,0.40257955810245194,0.010576228888429235
2019-10-18,0.20186650055050323,0.006211603129586218,0.37438397377197996,0.4093929100444962,0.008145012503434239
2019-10-19,0.18320334564445445,0.002746021189880061,0.46854404782674286,0.34550658533892264,0.0
2019-10-20,0.1280069115413633,0.010168706431781525,0.443130793484919,0.4084586200396537,0.010234968502282385
2019-10-21,0.09357592684104887,0.013952005066000648,0.47171059670361204,0.4176944704792613,0.0030670009100771875
2019-10-22,0.07172249519601676,0.006917787370881331,0.44036733656676275,0.4771541373361485,0.003838243530190754
2019-10-23,0.055356047605542004,0.019847701138608287,0.3930323701122459,0.5213234623101312,0.010440418833472666
2019-10-24,0.05136330667982585,0.020225602832797878,0.35201051308929504,0.5508792883458644,0.025521289052216765
2019-10-25,0.05011562572366795,0.04136723442987753,0.3840975680750184,0.49604550502881195,0.028374066742624326
2019-10-26,0.04260832003333741,0.01795438054705796,0.36754569278717464,0.5402493098546786,0.031642296777751336
2019-10-27,0.05496924106296154,0.0446081090561647,0.36618737168420273,0.4979533995021081,0.03628187869456296
2019-10-28,0.05057235217136221,0.023706508125173054,0.3700885184678919,0.5235966918356153,0.03203592939995752
2019-10-29,0.047635185341690096,0.015373543762286467,0.3245935753186225,0.5817870126862913,0.03061068289110977
2019-10-30,0.0571674477561022,0.01704210017390332,0.38207646671068707,0.519862211386996,0.023851773972311485
2019-10-31,0.055713305221332374,0.017554889577502293,0.3068816749370325,0.5829792939806,0.03687083628353282
2019-11-01,0.05167362972601677,0.026356249579979195,0.2713889911335897,0.6078839801200295,0.042697149440385065
2019-11-02,0.052276316495489736,0.029925392762562487,0.38605395520949914,0.4916327671784928,0.04011156835395571
2019-11-03,0.05548601556691782,0.022376502566121913,0.38567304600215774,0.4944946345566786,0.04196980130812371
2019-11-04,0.04644643249550504,0.02278791728899489,0.40731106218751706,0.4745528028369234,0.04890178519105962
2019-11-05,0.04556606679242691,0.024046694181081456,0.4869416761858908,0.4086699204421425,0.034775642398458505
2019-11-06,0.03686385421888765,0.017072225891060337,0.524840983497877,0.39807318780096396,0.023149748591210904
2019-11-07,0.030830717057418147,0.029121257408770095,0.5685048928788252,0.34766877939735064,0.023874353257636025
2019-11-08,0.02227989052394387,0.011392997545155943,0.6066084113900582,0.3519203307222645,0.00779836981857783
2019-11-09,0.016295646407614425,0.006178817962605054,0.6751034406604073,0.29537456680353796,0.0070475281658354295
2019-11-10,0.012312219071942018,0.004542147156203168,0.7212567299894291,0.2563051735460398,0.005583730236385906
2019-11-11,0.013742073748419245,0.010333848573786282,0.686567243843496,0.28230462160162184,0.007052212232676356
2019-11-12,0.012360915385944986,0.010014529584653138,0.7278802504556953,0.24096956718078244,0.00877473739292414
2019-11-13,0.01418697176332706,0.012608969175715159,0.7028536026487355,0.2646014575980179,0.005748998814204494
2019-11-14,0.008525123297973775,0.008391639893199717,0.7201446554402001,0.2558478425472944,0.00709073882133161
2019-11-15,0.0009905936596726495,0.0013226792009144311,0.8136948534810308,0.1839918736583822,0.0
2019-11-16,0.008576889595544666,0.007037141969220478,0.766760581525562,0.20617004845882297,0.011455338450849777
2019-11-17,0.0,0.0023102120149546576,0.8803240994245084,0.117365688560537,0.0
2019-11-18,0.0027431301489716127,0.005245317107300215,0.8282154605678832,0.1637960921758449,0.0
2019-11-19,0.0,0.0,0.9079670668043586,0.09203293319564143,0.0
2019-11-20,0.0,0.0010944720102134735,0.8807161728294856,0.11818935516030105,0.0
2019-11-21,0.0,0.0,0.9581726333179277,0.0418273666820725,0.0
2019-11-22,0.0,0.0,0.9843250032053963,0.01567499679460372,0.0
2019-11-23,0.0,0.00011381267214578307,0.956814784061306,0.04307140326654814,0.0
2019-11-24,0.0,0.0,0.9872686449433273,0.012731355056672718,0.0
2019-11-25,0.0,0.0,1.0,0.0,0.0
2019-11-26,0.0,0.0,1.0,0.0,0.0
2019-11-27,0.0,0.0,1.0,0.0,0.0
2019-11-28,0.0,0.0,1.0,0.0,0.0
2019-11-29,0.0,0.0,1.0,0.0,0.0
2019-11-30,0.0,0.0,1.0,0.0,0.0
2019-12-01,0.0,0.0,1.0,0.0,0.0
2019-12-02,0.0,0.0,0.987122624825965,0.012877375174034898,0.0
2019-12-03,0.0,0.0049142235888836915,0.9433703246268461,0.05171545178427032,0.0
2019-12-04,0.00026581612507440774,0.004037846612565085,0.9248016460379825,0.06953640098314805,0.0013582902412301052
2019-12-05,0.0,0.002277446113330847,0.9890646728604535,0.008657881026215484,0.0
2019-12-06,0.0,0.0,1.0,0.0,0.0
2019-12-07,0.0,0.0,1.0,0.0,0.0
2019-12-08,0.0,0.0,0.9988192813219503,0.0011807186780497525,0.0
2019-12-09,0.0,0.007296041118305499,0.9612287124394133,0.031475246442281016,0.0
2019-12-10,0.00013966931762322138,0.0026551760339840105,0.9619097812160013,0.03433534171278018,0.0009600317196113411
2019-12-11,0.0014736001867205212,0.0003916642717454507,0.9175734083893009,0.07883190484852645,0.0017294223037067572
2019-12-12,0.0,0.00867813671723188,0.9704681224471108,0.020853740835657324,0.0
2019-12-13,0.0071839522365321,0.013753928978340123,0.8914929783584276,0.07685310368856879,0.010716036738131395
2019-12-14,0.004198139717390376,0.01401401615308065,0.8995724368853795,0.08033752280730606,0.0018778844368436739
2019-12-15,0.011544848086833363,0.017476108468392586,0.7988019786360895,0.13980625782299483,0.03237080698568981
2019-12-16,0.008621497215220968,0.01680275115289435,0.8533454139693937,0.11442663393477161,0.006803703727719507
2019-12-17,0.008967614814874517,0.015998408802799166,0.8613612789600174,0.10861382602703248,0.005058871395276412
2019-12-18,0.0068561931784626995,0.014389001594564773,0.8658274129423239,0.10563516656043644,0.007292225724212387
2019-12-19,0.008435620093131483,0.004170990599285256,0.8289290723611034,0.14815830437802718,0.010306012568452573
2019-12-20,0.0061707429056213695,0.010551928795949597,0.7068016907854489,0.2621535666344875,0.014322070878492703
2019-12-21,0.005463886452881199,0.012464450390229363,0.7284128364255674,0.22318468375206751,0.03047414297925462
2019-12-22,0.011021318517213424,0.02149559321675746,0.7556053017247875,0.17525751399041728,0.036620272550824555
2019-12-23,0.011671643808345893,0.02970082697684958,0.7585592233079989,0.16846325621937083,0.031605049687434876
2019-12-24,0.010865634290355922,0.016438373918316276,0.8181981994536736,0.122874264230196,0.031623528107458235
2019-12-25,0.018031479593019616,0.021933360278616358,0.7164413741146075,0.19893752965466993,0.04465625635908672
2019-12-26,0.014367081500593883,0.024642851086710615,0.7934213113843435,0.13725713927903227,0.030311616749319772
2019-12-27,0.021259855480391616,0.010647218262727673,0.7520521748713119,0.16733865001112788,0.048702101374441094
2019-12-28,0.015829900770307444,0.02894293424377243,0.7784438161349051,0.14821021966358186,0.028573129187433138
2019-12-29,0.017652441807441563,0.027293423755773913,0.7723224835095722,0.13946187730370224,0.04326977362351016
2019-12-30,0.014460062827094868,0.023685753549817966,0.7924662338552733,0.1236114129315975,0.04577653683621654
2019-12-31,0.012846255853213959,0.020743212496197466,0.8266235675739431,0.10582231692035954,0.033964647156285964
2020-01-01,0.016830332715542455,0.008032159197592946,0.7667038669354074,0.1527154371574749,0.055718203993982
2020-01-02,0.012384467891546742,0.027996412369469127,0.7831977255480669,0.11903354699384297,0.057387847197074626
2020-01-03,0.011770148255398138,0.02284897458813244,0.770946870545894,0.1389218213536073,0.055512185256968216
2020-01-04,0.0116936763592231,0.017254062606020887,0.8475042258550054,0.10237741879863652,0.021170616381113935
2020-01-05,0.01032722383299246,0.01467325239496546,0.7871248421587901,0.12966296057066154,0.05821172104259046
2020-01-06,0.007807923545123521,0.003174240975800359,0.8657109829590082,0.09227198924843755,0.031034863271630242
2020-01-18,0.07144020680110075,0.03786620381647804,0.2704564528730884,0.49519181531486534,0.12504532119446765
2020-01-19,0.07090204889414625,0.03661538945626158,0.2797660517417565,0.48684632831444785,0.1258701815933877
2020-01-20,0.07488616563563993,0.036691693659596736,0.2752517022438123,0.48780433726122985,0.12536610119972091
2020-01-21,0.06943748151038119,0.03746019808442541,0.273223185838086,0.4935002020063199,0.12637893256078744
2020-01-22,0.0,3.1611043170579056e-05,0.9419562719127085,0.0,0.058012117044120924
2020-01-23,0.0,0.0035209726923878075,0.8903813205225409,0.0,0.10609770678507101
2020-01-24,0.0,0.0,0.8964797144972405,0.0,0.10352028550275955
2020-01-25,0.0,0.010399255093039378,0.8533811323663943,0.0,0.13621961254056617
2020-01-26,0.0,0.006237512951851853,0.904058286762479,0.0,0.0897042002856692
2020-01-27,0.0,0.00046181502832596307,0.9066547625719541,0.0,0.09288342239972006
2020-01-28,0.004110080083984457,0.012402613544720697,0.83519244544804,0.0011816753130904564,0.1471131856101645
2020-01-29,0.0,0.01857099060185978,0.804274036903227,0.0,0.17715497249491363
2020-01-30,0.0,0.022722789621439678,0.8259862719593618,0.0,0.1512909384191984
2020-01-31,0.0016168301293843623,0.01348544949431108,0.8426638401627925,0.0,0.14223388021351188
2020-02-01,0.0,0.014533981562824991,0.8451152341893712,0.0,0.14035078424780367
2020-02-02,0.002109183402293064,0.025262688250228593,0.7686833356408949,0.007987944765804743,0.19595684794077867
2020-02-03,0.0,0.021791590315722927,0.7425082604263936,0.0,0.23570014925788327
2020-02-04,0.001945489499033188,0.04285059809073974,0.6997000335512858,0.028390126239271618,0.22711375261966937
2020-02-05,0.002001648776775996,0.039413815836777485,0.7193002673558431,0.029436458909512082,0.20984780912109124
2020-02-06,0.0023472519649657304,0.03982004489517145,0.701731639982721,0.0149723672167194,0.24112869594042244
2020-02-07,0.005045165739149031,0.03581281587134594,0.6833232629865703,0.027347266004151834,0.24847148939878286
2020-02-08,0.003351240054821257,0.02588142084417719,0.6704591982900415,0.022988636988747972,0.2773195038222121
2020-02-09,0.005291773987939986,0.019759710263167547,0.649933047615923,0.03751276001623864,0.2875027081167309
2020-02-10,0.010784008483033503,0.03757767356443056,0.5478974489483723,0.07631142718230258,0.32742944182186123
2020-02-11,0.0039019692441631462,0.04848635370438097,0.5376512563371749,0.046894736444430526,0.3630656842698503
2020-02-12,0.002066665447673092,0.04958065657766921,0.5412888946985642,0.03626403934558755,0.3707997439305058
2020-02-13,0.005943714860874333,0.04806713708238437,0.4894251817649515,0.06634661173978823,0.3902173545520015
2020-02-14,0.006508084527661301,0.048724896064160556,0.4563514563592792,0.06743955880311826,0.42097600424578063
2020-02-15,0.007976612586097737,0.05467429359033903,0.4324940241972627,0.06493168508808203,0.4399233845382186
2020-02-16,0.00689529296092101,0.044353982068533554,0.4928465195529348,0.04651182671426885,0.40939237870334183
2020-02-17,0.007454459658915721,0.05604244833550931,0.4099389511041087,0.053537717391346606,0.4730264235101196
2020-02-18,0.004566064672608571,0.0507887875486413,0.3899605599231633,0.04535341705134005,0.5093311708042467
2020-02-19,0.0017003346815274642,0.05555995844010139,0.3006658366559153,0.022926452775791334,0.6191474174466642
2020-02-20,0.0,0.06223052109552844,0.23482144185399104,0.023272061449395733,0.6796759756010846
2020-02-21,0.0007472740722821603,0.054962420274774104,0.21266611138345448,0.008546994134124263,0.7230772001353648
2020-02-22,0.0020451097474921964,0.06648091068499865,0.34212156444085146,0.008976775238014108,0.5803756398886436
2020-02-23,0.0,0.06065787620190293,0.3466882929472339,0.0,0.5926538308508631
2020-02-24,0.0,0.05919282114453246,0.045018648154386276,0.0,0.895788530701081
2020-02-25,0.0,0.06424735298233311,0.00010773003398100583,0.0,0.9356449169836859
2020-02-26,0.0,0.01993611618332425,0.0,0.0,0.9800638838166758
2020-02-27,0.0,0.03403190595721159,0.0,0.0,0.9659680940427884
2020-02-28,0.0,0.008719319461684638,0.0,0.0,0.9912806805383154
2020-02-29,0.0,0.023384394355574517,0.0,0.0,0.9766156056444255
2020-03-01,0.0,0.028649855796541557,0.00608061391106407,0.0,0.9652695302923945
2020-03-02,0.0,0.0,0.0,0.0,1.0
2020-03-03,0.0,0.0,0.0,0.0,1.0
2020-03-04,0.0,0.0,0.0,0.0,1.0
2020-03-05,0.0,0.0030357387039019745,0.021652520814222885,0.0,0.975311740481875
2020-03-06,0.0,0.0,0.0,0.0,1.0
2020-03-07,0.0,0.0,0.0,0.0,1.0
2020-03-08,0.0,0.0,0.0,0.0,1.0
2020-03-09,0.0,0.020492110690848466,0.09806473936294523,0.0,0.8814431499462064
2020-03-10,0.003329327982322364,0.010697343545621796,0.12192093395912423,0.021921279246701016,0.8421311152662305
2020-03-11,0.00704574970509402,0.0,0.1442699877870151,0.0499006461262443,0.7987836163816463
2020-03-12,0.013494090946278266,0.0,0.34889847446860833,0.11687214931960749,0.5207352852655057
2020-03-13,0.007231718422528682,0.00939187775508192,0.13997386048749635,0.07667388194935243,0.7667286613855405
2020-03-14,0.022504796521077126,0.010852416069861003,0.527852537088944,0.18471327064881185,0.2540769796713058
2020-03-15,0.023964541856935792,0.01171996858037911,0.5895789291026924,0.19260698273171944,0.18212957772827332
2020-03-16,0.030387414406758406,0.01165769434040944,0.5785995743155294,0.2630533165102422,0.11630200042706036
2020-03-17,0.02972123714776439,0.014015195823686044,0.6194090811265207,0.2702131466497969,0.06664133925223188
2020-03-18,0.019151425027746853,0.008170177742883741,0.7312038294996815,0.20209727029942104,0.039377297430266675
2020-03-19,0.025970955147142677,0.012813712891516324,0.6777614348572636,0.24270444440396238,0.04074945270011519
2020-03-20,0.022162804604838212,0.00952070663057658,0.7369880569761943,0.20023200651560227,0.03109642527278865
2020-03-21,0.005775541282065236,0.002261018119587656,0.8910110813318503,0.09284195735573532,0.008110401910761603
2020-03-22,0.029521031401396204,0.033565613470445926,0.38099803078625055,0.42514398629818845,0.130771338043719
2020-03-23,0.02425571892421049,0.02029610127768091,0.5650352367567787,0.3199930245802458,0.07041991846108413
2020-03-24,0.0234864836415448,0.02378082492772368,0.4836487380831422,0.3396969040891285,0.12938704925846084
2020-03-25,0.017236938174633842,0.01589185639890186,0.5958360919430014,0.2873345508928369,0.0837005625906262
2020-03-26,0.011182118541428712,0.008148230016757355,0.673566284269566,0.2438562689151632,0.06324709825708495
2020-03-27,0.009260930049687092,0.005100963926819451,0.765167326422851,0.1744554692991679,0.046015310301474474
2020-03-28,0.004788734360368661,0.0009529881222143551,0.9274206609533657,0.03072422720184792,0.03611338936220334
2020-03-29,0.010163220885216071,0.0026653550111176184,0.8321462044085592,0.1130933355681137,0.041931884126993405
2020-03-30,0.01966997922494386,0.017333079505303224,0.5312858868610812,0.3538550497651888,0.07785600464348308
2020-03-31,0.013391917727672484,0.010678050743967198,0.7479277081757545,0.1744712809969098,0.05353104235569617
2020-04-01,0.012348127647652956,0.006411953893575087,0.791966109693529,0.1336364863120673,0.055637322453175576
2020-04-02,0.012699652676418843,0.00595850608654587,0.8423370148110124,0.09153899698930472,0.047465829436717996
2020-04-03,0.014842885585871973,0.007131049867341491,0.7944538028497645,0.12848237156405715,0.05508989013296461
2020-04-04,0.012449761657309506,0.006201115909118773,0.7944666924989461,0.14025358287846856,0.046628847056157066
2020-04-05,0.005376781285764963,5.82906493003469e-05,0.9501873021282236,0.02154320880453442,0.022834417132176814
2020-04-06,0.0027692951042776947,0.0,0.9726296896273272,0.0006679997231348487,0.023933015545260245
2020-04-07,0.0,0.0,1.0,0.0,0.0
2020-04-08,0.0016381765170313655,0.0,0.9851003241384955,0.004870142740358885,0.008391356604114034
2020-04-09,0.0010013630264207685,0.0,0.9930902924830698,0.0,0.005908344490509535
2020-04-10,0.0,0.0,1.0,0.0,0.0
2020-04-11,0.0,0.0,1.0,0.0,0.0
2020-04-12,0.0,0.0,1.0,0.0,0.0
2020-04-13,0.0,0.0,1.0,0.0,0.0
2020-04-14,0.0013316241113648726,0.0,0.9978693889733834,0.0007989869152516884,0.0
2020-04-15,0.0,0.0,1.0,0.0,0.0
2020-04-16,0.0,0.0,1.0,0.0,0.0
2020-04-17,0.0,0.0,1.0,0.0,0.0
2020-04-18,0.0,0.0,1.0,0.0,0.0
2020-04-19,0.0,0.0,1.0,0.0,0.0
2020-04-20,0.0,0.0,1.0,0.0,0.0
2020-04-21,0.0,0.0,1.0,0.0,0.0
2020-04-22,0.0,0.0,1.0,0.0,0.0
2020-04-23,0.0,0.0,1.0,0.0,0.0
2020-04-24,0.0,0.0,1.0,0.0,0.0
2020-04-25,0.0,0.0,1.0,0.0,0.0
2020-04-26,0.0,0.0,1.0,0.0,0.0
2020-04-27,0.015395610028771652,0.005069580767367323,0.8614164387845967,0.07926909652140524,0.038849273897859075
2020-04-28,0.007497209742914658,0.00815011479080436,0.9503759573433421,0.01766596351126961,0.01631075461166929
2020-04-29,0.006160736200596515,0.00913114962670943,0.9710724336389757,0.005533020505510872,0.008102660028207575
2020-04-30,0.009165874133686695,0.007822841855719465,0.952094072014765,0.012640026851850818,0.018277185143977744
2020-05-01,0.0,0.0,1.0,0.0,0.0
2020-05-02,0.0009251319654417518,0.003344905226862196,0.9957299628076959,0.0,0.0
2020-05-03,0.0,0.0,1.0,0.0,0.0
2020-05-04,0.0,0.0,1.0,0.0,0.0
2020-05-05,0.0,0.0,1.0,0.0,0.0
2020-05-06,0.0,0.0,1.0,0.0,0.0
2020-05-07,0.004595988218792264,0.0,0.9826115532780769,0.012792458503130854,0.0
2020-05-08,0.01079881086545007,0.0015043167324336158,0.9230824067274424,0.06461446567467372,0.0
2020-05-09,0.020925247152134775,0.0062559953996255135,0.8570736126661506,0.10400000404419503,0.011745140737893855
2020-05-10,0.01097122646901442,0.010522162529348048,0.9498561417913031,0.028650469210334564,0.0
2020-05-11,0.0,0.0,1.0,0.0,0.0
2020-05-12,0.0,0.0,1.0,0.0,0.0
2020-05-13,0.0,0.0,1.0,0.0,0.0
2020-05-14,0.0,0.0,1.0,0.0,0.0
2020-05-15,0.0,0.0,1.0,0.0,0.0
2020-05-16,0.008377888102316718,0.0003082929527709914,0.9795502566978703,0.011763562247041798,0.0
2020-05-17,0.03158025267850642,0.010904315954795393,0.7307333124829168,0.19876041070838535,0.028021708175395853
2020-05-18,0.04125886784526937,0.01896843385913439,0.6430789403071521,0.2629268546906852,0.033766903297758936
2020-05-19,0.031787114198533535,0.008823525383212086,0.7159592574185929,0.21743660403932302,0.025993498960338694
2020-05-20,0.020214970711171624,0.007601510477886288,0.8494239945589926,0.11431705322344571,0.00844247102850345
2020-05-21,0.03185526489657151,0.008229983054465935,0.7962365644439209,0.14704593387470466,0.016632253730337183
2020-05-22,0.0410527006848203,0.004176683814948269,0.8338992759032606,0.11964427045449541,0.001227069142475258
2020-05-23,0.042169313627837095,0.003846961534176482,0.872505263949769,0.08147846088821753,0.0
2020-05-24,0.0924365136915964,0.008811430299134141,0.8321794103117574,0.06657264569751209,0.0
2020-05-25,0.14101748213659565,0.007487584854341749,0.7389176671727317,0.11257726583633107,0.0
2020-05-26,0.28511857924572276,0.013291101810057111,0.5080308181076789,0.17066368322271736,0.022895817613823952
2020-05-27,0.5012868139214214,0.0047212977586817105,0.2994375238300525,0.18000352496648547,0.014550839523358956
2020-05-28,0.6998022692634075,0.00037952839668056737,0.19184462813346143,0.10046283478513562,0.007510739421314836
2020-05-29,0.7977376632265216,0.0,0.1731514120788527,0.029110924694625725,0.0
2020-05-30,0.9748091215729389,0.0,0.025190878427061136,0.0,0.0
2020-05-31,1.0,0.0,0.0,0.0,0.0
2020-06-01,1.0,0.0,0.0,0.0,0.0
2020-06-02,1.0,0.0,0.0,0.0,0.0
2020-06-03,0.993591854964281,0.0,0.0064081450357189075,0.0,0.0
2020-06-04,0.7357543918784804,0.0,0.15125636999071654,0.11298923813080314,0.0
2020-06-05,0.47970987066330323,0.004190424961131842,0.33370592226329393,0.17747112034145213,0.004922661770818938
2020-06-06,0.43468458241849445,0.007211506529865606,0.36763950650463356,0.18371935159070893,0.00674505295629739
2020-06-07,0.4515887915803057,0.0023452026213746265,0.356600895324346,0.189270013062374,0.00019509741159959987
2020-06-08,0.5004647469173177,0.005086196106750394,0.30902829313794583,0.17656914053484132,0.008851623303144745
2020-06-09,0.5220510207739536,0.0013048089765742756,0.33402909094679917,0.13680824548828371,0.00580683381438942
2020-06-10,0.550819126716654,0.0,0.3515449380251168,0.0976359352582292,0.0
2020-06-11,0.6301822185396512,0.0,0.27640921181696937,0.09340856964337942,0.0
2020-06-12,0.7433387037751703,0.00127961226880886,0.1434703242536764,0.10768286774838741,0.004228491953957028
2020-06-13,0.8064385765439703,0.0002655359365405785,0.10263680160653178,0.08833395993330245,0.002325125979654869
2020-06-14,0.8214600886638604,0.0,0.13568563213204324,0.04285427920409636,0.0
2020-06-15,0.7401353551271627,0.00018707849417734165,0.19751706584596632,0.06216050053269373,0.0
2020-06-16,0.3879714882113575,0.007950783790473193,0.37169133829862944,0.2177565192194768,0.014629870480063097
2020-06-17,0.19380217729406926,0.02171714326312607,0.4547234477534011,0.312116639153597,0.017640592535806576
2020-06-18,0.13060596416828474,0.031186658902672706,0.29409776378917457,0.49596946416729387,0.048140148972574154
2020-06-19,0.12804872789832686,0.046050467574741405,0.26539779431951427,0.5129384563582867,0.04756455384913073
2020-06-20,0.08927041166193303,0.05008515506629441,0.2047886175503891,0.5962908190802323,0.05956499664115111
2020-06-21,0.06868919204640297,0.04870714688676245,0.10580853581101132,0.7057096795345945,0.07108544572122895
2020-06-22,0.05844232167600462,0.0441342731558611,0.10289285624887796,0.7262383382587629,0.06829221066049367
2020-06-23,0.05203126535961966,0.041023014069169944,0.10495253282609472,0.7381236606354875,0.06386952710962832
2020-06-24,0.050690884888324315,0.03191262710620833,0.16035393272517287,0.7028506837195669,0.054191871560727446
2020-06-25,0.04727220606165143,0.02323325588203512,0.24561766131466373,0.649503147771556,0.03437372897009335
2020-06-26,0.04496360994993796,0.016442966277991564,0.34528154535504657,0.5753909786670264,0.017920899749997513
2020-06-27,0.0890198153250771,0.013823668499214133,0.29268372220546274,0.5841592435080816,0.020313550462164633
2020-06-28,0.07190289283441223,0.013334261384572721,0.30496967367917815,0.5862012727790827,0.023591899322754115
2020-06-29,0.06192841257404873,0.01611834973656405,0.30016617556680747,0.5975179910733291,0.02426907104925046
2020-06-30,0.06714628657198131,0.014103805051355708,0.2477489661631292,0.6445194780104109,0.026481464203123313
2020-07-01,0.10089744410539067,0.01016051151432084,0.26395817190095483,0.6102051879436134,0.01477868453572026
2020-07-02,0.17442190459986573,0.0108338440871271,0.25815457316866436,0.5400099669074178,0.016579711236925053
2020-07-03,0.2098192906731246,0.01047576912860912,0.2615173677358812,0.5013973482715292,0.016790224190856018
2020-07-04,0.22183247348099747,0.012196324351775457,0.22100760708497352,0.5229852218734543,0.021978373208799133
2020-07-05,0.22993963102860435,0.011399920017173,0.2110574695122947,0.5267349920139958,0.020867987427932146
2020-07-06,0.25780306234294104,0.013232749264068387,0.14906279459865818,0.551423467736107,0.02847792605822528
2020-07-07,0.32440756191651626,0.01308582939126643,0.09738729129686226,0.5335102280343079,0.031609089361047046
2020-07-08,0.5339283513338698,0.007835069077981684,0.03458895243643456,0.3985321872886423,0.02511543986307154
2020-07-09,0.6830280414990598,0.002722063342444337,0.015936464413381844,0.28329359010910976,0.015019840636004244
2020-07-10,0.7635920280361164,0.00026276123819435684,0.0010237198031458686,0.2248628685487242,0.010258622373819165
2020-07-11,0.8474012931880335,0.0,0.0,0.15152004823910933,0.0010786585728572084
2020-07-12,0.97530612769434,0.0,0.0,0.024693872305659996,0.0
2020-07-13,0.9806375770750289,0.0,0.0,0.019362422924971198,0.0
2020-07-14,0.9115847514202727,0.0,0.0,0.08841524857972731,0.0
2020-07-15,0.7670953936704075,0.0,0.0,0.23290460632959253,0.0
2020-07-16,0.4249911432809894,0.0,0.0,0.5750088567190106,0.0
2020-07-17,0.12964921211412023,0.0,0.0,0.8703507878858799,0.0
2020-07-18,0.025667947452375828,0.0,0.0,0.974332052547624,0.0
2020-07-19,0.0,0.0,0.0,1.0,0.0
2020-07-20,0.0,0.0,0.0,1.0,0.0
2020-07-24,0.0,0.0,0.08227522186784736,0.9177247781321526,0.0
2020-07-25,0.002953750949406961,0.0,0.15566441617613475,0.8413818328744583,0.0
2020-07-26,0.0,0.0,0.1545098251679756,0.8454901748320245,0.0
2020-07-27,0.0,0.0,0.2119488161728082,0.7880511838271917,0.0
2020-07-28,0.0,0.0,0.37734238038472767,0.6226576196152723,0.0
2020-07-29,0.0,0.0,0.2824394052522407,0.7175605947477594,0.0
2020-07-30,0.0,0.0,0.35287241199343244,0.6471275880065676,0.0
2020-07-31,0.0,0.0,0.4691867647615018,0.5308132352384981,0.0
2020-08-01,0.004602080431481248,0.0,0.4304579955250136,0.5649399240435049,0.0
2020-08-02,0.003784990103822619,0.0,0.4758330691659199,0.5203819407302575,0.0
2020-08-03,0.0,0.0,0.5820612388347342,0.4179387611652656,0.0
2020-08-04,0.02557514748054926,0.0,0.5780582812699577,0.3963665712494929,0.0
2020-08-05,0.016991724550691298,0.0,0.6720290345850098,0.31097924086429884,0.0
2020-08-06,0.02516661296459191,0.0,0.6413034712107188,0.33352991582468916,0.0
2020-08-07,0.038632421239494785,0.0,0.47781768207240405,0.483549896688101,0.0
2020-08-08,0.03518330922591281,0.0,0.2771542334007981,0.6876624573732892,0.0
2020-08-09,0.04499377064459546,0.0,0.16660500500901837,0.7884012243463862,0.0
2020-08-10,0.027921100831768145,0.0,0.16115589006330927,0.8109230091049225,0.0
2020-08-11,0.0,0.0,0.3716015670232322,0.6283984329767679,0.0
2020-08-12,0.0,0.0,0.25814402965852445,0.7418559703414754,0.0
2020-08-13,0.0,0.0,0.294810054328986,0.705189945671014,0.0
2020-08-14,0.0,0.0,0.3585802656355739,0.6414197343644261,0.0
2020-08-15,0.0,0.0,0.23613717424285507,0.7638628257571448,0.0
2020-08-16,0.0051903560847266356,0.0,0.12728698960569107,0.8675226543095822,0.0
2020-08-17,0.004933537799725149,0.0,0.2367778126491842,0.7582886495510904,0.0
2020-08-18,0.0038326160048420127,0.0,0.21044012285310876,0.785727261142049,0.0
2020-08-19,0.02858739492898997,0.0,0.17557555867682056,0.7958370463941894,0.0
2020-08-20,0.05945654605721566,0.0,0.13948738222243057,0.8010560717203538,0.0
2020-08-21,0.07798552655748159,0.0,0.052598038474346076,0.8694164349681721,0.0
2020-08-22,0.1148112662741169,0.0,0.09240560451623002,0.7927831292096531,0.0
2020-08-23,0.1523541439889592,0.0,0.21521299554924458,0.6324328604617961,0.0
2020-08-24,0.14924688069525965,0.0,0.25432487060383085,0.5964282487009096,0.0
2020-08-25,0.25563953476220613,0.0,0.19799156122280703,0.5463689040149868,0.0
2020-08-26,0.48578020037818537,0.0,0.12647177710868324,0.38774802251313145,0.0
2020-08-27,0.4860722719640683,0.0,0.19812632766009958,0.31580140037583204,0.0
2020-08-28,0.632231002613767,0.0,0.1814129071558297,0.18635609023040334,0.0
2020-08-29,0.559940610487301,0.0,0.24303771790110967,0.1970216716115894,0.0
2020-08-30,0.3919510691018835,0.0,0.3564006646719537,0.251648266226163,0.0
2020-08-31,0.29238978224728207,0.0,0.3775954828449711,0.33001473490774685,0.0
2020-09-01,0.5031833516905589,0.0,0.2737133878694119,0.22310326044002918,0.0
2020-09-02,0.41905104159162165,0.0,0.2919139465864352,0.2890350118219431,0.0
2020-09-03,0.5528775512205156,0.0,0.274316529492194,0.17280591928729042,0.0
2020-09-04,0.6805190465372151,0.0,0.20078141752421325,0.11869953593857162,0.0
2020-09-05,0.5536142875108325,0.0,0.24891187849748303,0.19747383399168453,0.0
2020-09-06,0.20144374278661398,0.0,0.44251327479642544,0.3560429824169607,0.0
2020-09-07,0.40634685654547686,0.0,0.3328072878255793,0.2608458556289439,0.0
2020-09-08,0.4160960213659081,0.0,0.36445804549235983,0.2194459331417319,0.0
2020-09-09,0.45198887846434316,0.0,0.2928539942433481,0.2551571272923089,0.0
2020-09-10,0.3172900576030182,0.0011151984265196768,0.2641442649061466,0.41745047906431554,0.0
2020-09-11,0.15373084441261725,0.008284960711685788,0.27518206021390684,0.5529322918992955,0.00986984276249478
2020-09-12,0.36257377472332214,0.002672426793812275,0.1991002110335598,0.4346398712208958,0.0010137162284100838
2020-09-13,0.25942780627302103,0.004179582203959781,0.1921765788912097,0.5383638660532062,0.005852166578603265
2020-09-14,0.19518573587104435,0.0069362911762519235,0.16402172556700403,0.6239720449159191,0.009884202469780546
2020-09-15,0.20655461317749285,0.0039293640384036425,0.14917699523949463,0.6369478814447065,0.003391146099902362
2020-09-16,0.1715515728930241,0.003276149378475736,0.11270625265121664,0.7063773972136638,0.006088627863619753
2020-09-17,0.13104496358288062,0.0,0.10385549466455746,0.7650995417525619,0.0
2020-09-18,0.12128357101460767,0.0,0.12479811155774549,0.7539183174276467,0.0
2020-09-19,0.09806997589002908,0.0,0.16077895826489266,0.7411510658450781,0.0
2020-09-20,0.09526038684942185,0.0,0.21928254488788948,0.6854570682626886,0.0
2020-09-21,0.06563445530267616,0.0,0.2411690257237575,0.6931965189735664,0.0
2020-09-22,0.026941711647629915,0.0,0.3288573085767268,0.6442009797756434,0.0
2020-09-23,0.009809362271303738,0.0,0.4548664509480552,0.5353241867806409,0.0
2020-09-24,0.01822304358152769,0.0,0.3310390498370535,0.6507379065814187,0.0
2020-09-25,0.014267578547213115,0.0,0.3292942590422814,0.6564381624105056,0.0
2020-09-26,0.013622098678491835,0.00026841010202769897,0.3605899007112523,0.625519590508228,0.0
2020-09-27,0.01156704187480283,0.0023333777868199627,0.3172239940162172,0.6672661110493927,0.0016094752727673824
2020-09-28,0.014097698870446292,0.003922377530476005,0.3574190229984926,0.6217780610795067,0.0027828395210783945
2020-09-29,0.010446354926469451,0.0,0.37619930749505887,0.6133543375784717,0.0
2020-09-30,0.009841072786129345,0.0,0.4315781370409766,0.558580790172894,0.0
2020-10-01,0.01446067994075009,0.002057680804930649,0.439703859953834,0.5437777793004853,0.0
2020-10-02,0.01650367097115967,0.0,0.4430253650824356,0.5404709639464048,0.0
2020-10-03,0.012246150037848846,0.0,0.45311505741731184,0.5346387925448394,0.0
2020-10-04,0.016603350270867828,0.0,0.4767789609220827,0.5066176888070495,0.0
2020-10-05,0.016098667408167486,0.0,0.4251710356819591,0.5587302969098735,0.0
2020-10-06,0.017664273815063844,0.0,0.43856339107715747,0.5437723351077788,0.0
2020-10-07,0.018457230201304485,0.0,0.3777995370894413,0.6037432327092543,0.0
2020-10-08,0.020861408647435672,0.004647730063343274,0.3794486074429747,0.5950422538462462,0.0
2020-10-09,0.032299837529704195,0.0,0.5421112585290072,0.42558890394128857,0.0
2020-10-10,0.04914429513046058,0.00549957581281723,0.40760232571601146,0.5377538033407108,0.0
2020-10-11,0.055320991391390045,0.0,0.47976146399644687,0.4649175446121629,0.0
2020-10-12,0.04330010889852092,0.004531119507271751,0.40554509970072417,0.5466236718934832,0.0
2020-10-13,0.045868978483765324,0.01122242195988581,0.34328709451587386,0.5996215050404752,0.0
2020-10-14,0.06226125916961571,0.015608993040067777,0.2825571875743007,0.6302676544045477,0.009304905811468096
2020-10-15,0.05194830503841961,0.007820744948215785,0.30462130623549005,0.6250664405665369,0.010543203211337653
2020-10-16,0.0500226786975139,0.005391818287931366,0.34979744476206465,0.5883321678416769,0.0064558904108132295
2020-10-17,0.05179643462614618,0.00707372371490176,0.341786656689966,0.5914321015666573,0.00791108340232885
2020-10-18,0.05680164562830416,0.009231830275337354,0.3152505999623121,0.6038431419648242,0.014872782169222047
2020-10-19,0.06357559219981104,0.01035155439659751,0.31752445653694006,0.5928035922793522,0.015744804587299235
2020-10-20,0.06333993974677204,0.010507542839158696,0.294077441107685,0.6091347892468699,0.022940287059514123
2020-10-21,0.0746227208475729,0.01167932149323929,0.27763598401622713,0.6068786097019707,0.029183363940989963
2020-10-22,0.07847433512785129,0.013050677041173443,0.2781219294130738,0.6044127453195758,0.02594031309832577
2020-10-23,0.10331396702023929,0.015953574913216223,0.34617500734826623,0.5156514976198724,0.01890595309840582
2020-10-24,0.11358603810403653,0.013494814626826779,0.2677295062673933,0.5766677707987474,0.028521870202996076
2020-10-25,0.13396601756979623,0.01601344325234065,0.20125922819062342,0.6124300347390835,0.03633127624815613
2020-10-26,0.11786908101722782,0.013775259493916621,0.2452578266832923,0.5922280169256788,0.03086981587988426
2020-10-27,0.07250642551844305,0.013336570944072406,0.23083709428032717,0.6499415943058336,0.03337831495132395
2020-10-28,0.06388608034274908,0.019067162476204283,0.21048929169942815,0.660136068580443,0.046421396901175256
2020-10-29,0.053941674568797816,0.006388079949954082,0.21233819013823657,0.7030853811614732,0.0242466741815384
2020-10-30,0.057472198678956,0.011677759954847856,0.2538114647307433,0.6385358870255373,0.038502689609915625
2020-10-31,0.04815700658578086,0.019527311335954638,0.19432331568384764,0.6880640174032425,0.049928348991174445
2020-11-01,0.04214139225806836,0.009265020430427637,0.23002310087414396,0.662882252416481,0.05568823402087924
2020-11-02,0.0376604598955764,0.02162675325274811,0.3310645513393891,0.572273154800796,0.03737508071149039
2020-11-03,0.044024068559580264,0.02183263480580573,0.1983075383613503,0.6724910866915617,0.06334467158170193
2020-11-04,0.03758525149771721,0.027339712291737987,0.13881797526612702,0.704622027825528,0.09163503311888999
2020-11-05,0.04247493756360944,0.03339034018300635,0.09907490926348289,0.7501889844845104,0.07487082850539076
2020-11-06,0.03318984328704748,0.06552081190593129,0.12422839430506535,0.6958942645916532,0.0811666859103027
2020-11-07,0.03305845258796322,0.038718196113618465,0.1711391097038721,0.6711432230781907,0.08594101851635552
2020-11-08,0.03357297304096656,0.05698857468936624,0.1538656937225446,0.6542247965421124,0.10134796200501003
2020-11-09,0.035348080673392686,0.017900736221536505,0.2345078480068432,0.6057992862245176,0.10644404887370999
2020-11-10,0.02532548348916209,0.02832286357014265,0.21670562678593122,0.6060020589214542,0.12364396723330973
2020-11-11,0.022263411913077305,0.054659367438814534,0.24480306728007695,0.5413811642717171,0.13689298909631406
2020-11-12,0.025027872604046795,0.012018643894962322,0.2555207559594108,0.5721353063592534,0.13529742118232657
2020-11-13,0.025683839477482713,0.058110013059671305,0.21878446727730166,0.5525425378717215,0.14487914231382262
2020-11-14,0.023362989583253634,0.047824511502178646,0.27900566104417035,0.4881072876420837,0.16169955022831367
2020-11-15,0.022010783283318573,0.04205597058375,0.29764850590989733,0.4469487405054753,0.19133599971755866
2020-11-16,0.017511120771187508,0.031826014108651574,0.2507392645873652,0.5291865745835039,0.17073702594929205
2020-11-17,0.02461717686334117,0.043424232692361064,0.26162275410877744,0.5106244816289113,0.1597113547066092
2020-11-18,0.02907528566102701,0.03972319785311819,0.2511971238725749,0.542363893629241,0.13764049898403902
2020-11-19,0.027391296366774162,0.026910715326899218,0.2159583519240228,0.6070364505281489,0.12270318585415471
2020-11-20,0.02967542615685259,0.04392078800579693,0.17659269542535463,0.6071344548723523,0.14267663553964352
2020-11-21,0.027819435248203052,0.029872445140577346,0.22414614449465886,0.5949746625501364,0.12318731256642428
2020-11-22,0.025888702147966604,0.028952393319112285,0.20329744182280668,0.6132695157967692,0.12859194691334513
2020-11-23,0.0331158953634072,0.020857170783483335,0.1851576645839688,0.6418255641535091,0.11904370511563137
2020-11-24,0.03632574649605982,0.034687508124129955,0.16674337883870666,0.6288658481733103,0.13337751836779338
2020-11-25,0.03234695819523581,0.05053720581785092,0.21059265203776215,0.6113960093722093,0.09512717457694185
2020-11-26,0.03501749982931636,0.047561076453666466,0.18576708738041398,0.6024417023224223,0.12921263401418098
2020-11-27,0.03755007622652218,0.036411787787266704,0.2156236261613919,0.595693225203433,0.11472128462138621
2020-11-28,0.027023987844157757,0.08911302513343204,0.2446633726746224,0.5294788430487601,0.10972077129902773
2020-11-29,0.0321452987363226,0.0353281680805609,0.19672025043555005,0.6111838454682905,0.12462243727927592
2020-11-30,0.030221572708951365,0.09419079830318808,0.1822305101047139,0.5804385189607165,0.11291859992243006
2020-12-01,0.031248530826061806,0.10224715413027251,0.14843480749165872,0.5972379100065498,0.1208315975454573
2020-12-02,0.02860503603080946,0.030272559650923604,0.17881040561157854,0.6353213820182934,0.12699061668839484
2020-12-03,0.03202466781311978,0.014567534125092263,0.1747371541776247,0.6613515777281926,0.11731906615597057
2020-12-04,0.026832751837828434,0.0784210917135575,0.19468816163103125,0.564170108688762,0.1358878861288208
2020-12-05,0.03449309684944343,0.08363974253882923,0.2073992151023083,0.53784286240106,0.13662508310835889
2020-12-06,0.02854974871691942,0.04849739084947539,0.2118760088547991,0.5652958307367943,0.14578102084201147
2020-12-07,0.025080565635352083,0.08876229900432536,0.19096265412409452,0.5509953290127051,0.14419915222352303
2020-12-08,0.029396454182407453,0.06236866297352249,0.14917503213104338,0.5729280505377001,0.18613180017532652
2020-12-09,0.03370763642055928,0.013873923868336274,0.17995040726177858,0.5722158619933589,0.20025217045596716
2020-12-10,0.03205226989362421,0.06155801988908999,0.21785217937181506,0.5037878606112678,0.1847496702342029
2020-12-11,0.031324137406934946,0.05980697488861905,0.16280318279884398,0.5536677476469907,0.19239795725861128
2020-12-12,0.03346528942904532,0.012322491297979743,0.15294125801406572,0.5852674698775919,0.2160034913813172
2020-12-13,0.02808051526372987,0.05502255774981318,0.17012835911097846,0.508745332068982,0.23802323580649637
2020-12-14,0.02934508039422959,0.03327817342966524,0.22340645476047113,0.47512111730708206,0.23884917410855222
2020-12-15,0.025837448219080593,0.032543250392244004,0.3130247195187368,0.4225781251135996,0.20601645675633906
2020-12-16,0.03012825011582352,0.04129852214153096,0.2562720639278826,0.42894121332623114,0.2433599504885317
2020-12-17,0.027092355146597573,0.031231118652335084,0.2642141093088861,0.404929553040879,0.2725328638513022
2020-12-18,0.02472859733354498,0.013514588703768211,0.2910767499067175,0.39967763675731194,0.2710024272986572
2020-12-19,0.026247507063541634,0.0178682037396447,0.2035374189969908,0.3994200384659185,0.3529268317339043
2020-12-20,0.022818661488025326,0.018665374496321198,0.15005026528273258,0.4958223973381478,0.31264330139477303
2020-12-21,0.021101102480614253,0.03259828950370896,0.1603255199740059,0.41351259899402026,0.37246248904765045
2020-12-22,0.023035277149258557,0.021214032687073073,0.2554296575348917,0.3314686325304024,0.36885240009837417
2020-12-23,0.027718534215311924,0.014054081588285264,0.32937052522708793,0.2899762456918652,0.3388806132774497
2020-12-24,0.020691594973254915,0.027945551048173166,0.33018055836961907,0.27185008252093096,0.34933221308802165
2020-12-25,0.02277857670559142,0.019602241247109485,0.21917564272885642,0.332617741000122,0.4058257983183207
2020-12-26,0.02287835875537861,0.009088419471526943,0.24385055837281977,0.31352346525419583,0.41065919814607865
2020-12-27,0.019956866438163953,0.009510173012677994,0.22042502068741027,0.3310333749794306,0.41907456488231726
2020-12-28,0.014902942843745916,0.03895884551546317,0.23621401737436964,0.25481498941731584,0.4551092048491051
2020-12-29,0.016292890537725174,0.03904151176275723,0.23072481385946098,0.30646721942598865,0.4074735644140679
2020-12-30,0.018497269603757895,0.03483126428016696,0.19910407942880365,0.29555417203020373,0.4520132146570678
2020-12-31,0.015087139179645229,0.03044304816882648,0.230573492725227,0.27285873323977056,0.4510375866865308
2021-01-01,0.018984969792228197,0.02727005380723524,0.2104533344780375,0.26921318846689846,0.47407845345560085
2021-01-02,0.014226817289265566,0.017843739056019478,0.10447082666494498,0.28059730410277506,0.582861312886995
2021-01-03,0.021962966495468462,0.0059439027163638095,0.108212914031252,0.3118345259666725,0.5520456907902433
2021-01-04,0.019674125699513018,0.013152211527953372,0.08103389013119278,0.2964037761643295,0.5897359964770112
2021-01-05,0.018889904317216735,0.0,0.10518942867810924,0.28212442854594555,0.5937962384587288
2021-01-06,0.018163635909903234,0.006860601056052705,0.11950393177812418,0.2520458387727476,0.6034259924831722
2021-01-07,0.0249402737315272,0.01238482555228184,0.1179870332562142,0.20490809606156077,0.6397797713984162
2021-01-08,0.023254035951849585,0.01393954703229413,0.1746185188031604,0.21246885421040554,0.5757190440022906
2021-01-09,0.017186289428439194,0.017214512360072196,0.22711566952141513,0.1325255397994316,0.605957988890642
2021-01-10,0.017406593869682643,0.015404494048544201,0.1323118918924459,0.19348494153966242,0.6413920786496649
2021-01-11,0.014068517770595739,0.008692912659907195,0.17519083491391507,0.12894902390253155,0.6730987107530502
2021-01-12,0.014505214272000737,0.0,0.1574815900680211,0.10626972866022169,0.7217434669997563
2021-01-13,0.011777661260892042,0.008028788871358675,0.1833947801428941,0.09573196624191958,0.7010668034829358
2021-01-14,0.01008539246013667,0.0,0.06619791587319207,0.08563587313904317,0.8380808185276281
2021-01-15,0.00879320736199811,0.0,0.0894239100223672,0.07946339177976973,0.8223194908358651
2021-01-16,0.00895965707996376,0.006404041369557842,0.1541538458565047,0.06050457224250785,0.7699778834514659
2021-01-17,0.005111898573977201,0.0,0.06782533578439093,0.027933076239083563,0.8991296894025487
2021-01-18,0.006711690813431216,0.0,0.11509598280940443,0.033816855778373144,0.8443754705987915
2021-01-19,0.003498787739273184,0.0,0.08142055027815574,0.02331028106426449,0.8917703809183063
2021-01-20,0.0067772372120376255,0.0,0.15403895031515574,0.02130251794184654,0.8178812945309598
2021-01-21,0.005842108378146695,0.0,0.2761468745429013,0.0012788117415174008,0.7167322053374349
2021-01-22,0.0,0.0,0.25684093578384265,0.0,0.7431590642161572
2021-01-23,0.0,0.0,0.11406315429052322,0.0,0.885936845709477
2021-01-24,0.0,0.0,0.04981718751166687,0.0,0.9501828124883336
2021-01-25,0.0,0.0,0.0,0.0,1.0
2021-01-26,0.0,0.0,0.0,0.0,1.0
2021-01-27,0.0,0.0,0.0,0.0,1.0
2021-01-28,0.0,0.0,0.0,0.0,1.0
2021-01-29,0.0,0.0,0.0,0.0,1.0
2021-01-30,0.0,0.0,0.0,0.0,1.0
2021-01-31,0.0,0.0,0.0,0.0,1.0
2021-02-01,0.0,0.0,0.00897810117236656,0.0,0.9910218988276335
2021-02-02,0.0,0.0,0.0,0.0,1.0
2021-02-03,0.0,0.019203152538744828,0.0,0.0,0.9807968474612555
2021-02-04,0.0,0.10770547061734234,0.013770553651269998,0.0,0.8785239757313877
2021-02-05,0.0,0.2233686968691031,0.08935727570181219,0.0,0.6872740274290848
2021-02-06,0.0,0.26835451656640696,0.0,0.007151378850476611,0.7244941045831165
2021-02-07,0.0,0.17505079997970002,0.0,0.0,0.8249492000203
2021-02-08,0.0,0.06690285724494073,0.0,0.0,0.9330971427550595
2021-02-09,0.0,0.0889765925631644,0.0,0.0,0.9110234074368357
2021-02-10,0.0,0.04694921514798002,0.0,0.0,0.95305078485202
2021-02-11,0.0,0.011108138389884975,0.0,0.0,0.988891861610115
2021-02-12,0.0,0.07862205342433642,0.0,0.0,0.9213779465756635
2021-02-13,0.0,0.10891917037743412,0.0,0.0,0.8910808296225659
2021-02-14,0.0,0.11290842623253572,0.0,0.0,0.8870915737674643
2021-02-15,0.0,0.21414521541332,0.0,0.0,0.7858547845866799
2021-02-16,0.0,0.22487018401124206,0.0,0.035069065930799885,0.7400607500579581
2021-02-17,0.006317322251527431,0.24539579510258325,0.0022591692766392654,0.09968407917261973,0.6463436341966302
2021-02-18,0.008661678654313044,0.2777668033388797,0.06841680425490444,0.17410483698447227,0.4710498767674305
2021-02-19,0.012083295527782208,0.35212843557859985,0.10624122759975779,0.2013784849123761,0.32816855638148423
2021-02-20,0.015607534041088202,0.36917267590525704,0.14317451858433677,0.2230783087012879,0.24896696276803001
2021-02-21,0.01749869449769286,0.3725818867044243,0.20319668846428063,0.2576904528032252,0.14903227753037715
2021-02-22,0.014977728282333236,0.3412752490250189,0.20621596136469106,0.2861598073165572,0.15137125401139973
2021-02-23,0.015883674843898302,0.29780387271449715,0.2845972355802494,0.2612516944301254,0.14046352243122964
2021-02-24,0.02065919959576651,0.2500081815947361,0.32088367511524757,0.2724426723484291,0.13600627134582072
2021-02-25,0.020318180969972788,0.2791957129082566,0.37906627964912804,0.23981134497478518,0.08160848149785725
2021-02-26,0.016891551671211185,0.27011977244996244,0.3606872338706254,0.270542623209623,0.08175881879857805
2021-02-27,0.007668151282400832,0.34525446577673147,0.053211594284487865,0.11817709539484333,0.4756886932615366
2021-02-28,0.012160137322776175,0.3446679902435622,0.21021106066885997,0.16046991113343245,0.27249090063136905
2021-03-01,0.004541970202476587,0.20799135231914298,0.5796726676940516,0.11644947859995636,0.09134453118437248
2021-03-02,0.0029379645961566704,0.12032778796299971,0.7205659535901748,0.10987324489875254,0.046295048951916176
2021-03-03,0.0,0.08587185642914283,0.8024055502205597,0.08178484211319698,0.029937751237100668
2021-03-04,0.0,0.04970674808648874,0.8666653638570795,0.07710642971259846,0.0065214583438333775
2021-03-05,0.0,0.07517398423022564,0.8516282847393345,0.056056373282991644,0.01714135774744796
2021-03-06,0.0,0.16835141484259664,0.6930808131693754,0.10066258059602952,0.03790519139199856
2021-03-07,0.0032965297220544382,0.17795128932397813,0.648905784075072,0.11623538988424213,0.05361100699465341
2021-03-08,0.0,0.10973704576522275,0.8112371718005572,0.05392260317674169,0.025103179257478486
2021-03-09,0.003111076941603121,0.11675707288246308,0.697278295126283,0.13899334238356992,0.043860212666080714
2021-03-10,0.0,0.09672620755241251,0.771394761228011,0.10706871616109767,0.024810315058479065
2021-03-11,0.0,0.030874228008269562,0.9415884705077681,0.014258455285404585,0.013278846198557688
2021-03-12,0.0028103891312570607,0.1372369668636882,0.6747430219944734,0.1298595390801637,0.05535008293041764
2021-03-13,0.0,0.11354924602303638,0.8050849288437014,0.04350090899000566,0.03786491614325662
2021-03-14,0.0,0.07837569967907809,0.8998676282183518,0.0,0.021756672102570186
2021-03-15,0.0,0.09500597062306194,0.8827778970651429,0.0,0.022216132311795242
2021-03-16,0.0,0.08530739065202689,0.896430936013276,0.0,0.018261673334697054
2021-03-17,0.0,0.07683433142401472,0.9231656685759851,0.0,0.0
2021-03-18,0.0,0.06332474901244708,0.9302330804578745,0.0,0.006442170529678284
2021-03-19,0.0,0.039868212317128005,0.9601317876828719,0.0,0.0
2021-03-20,0.0,0.08595685069162874,0.9009028222594663,0.0,0.013140327048904932
2021-03-21,0.0,0.05071011402660609,0.949289885973394,0.0,0.0
2021-03-22,0.0,0.026547844858286693,0.9734521551417132,0.0,0.0
2021-03-23,0.0,0.014253329326087222,0.9857466706739128,0.0,0.0
2021-03-24,0.0,0.0,1.0,0.0,0.0
2021-03-25,0.0,0.0,1.0,0.0,0.0
2021-03-26,0.0,0.0,1.0,0.0,0.0
2021-03-27,0.0,0.0013766758392377842,0.9986233241607623,0.0,0.0
2021-03-28,0.0,0.0326729586366791,0.9673270413633209,0.0,0.0
2021-03-29,0.0,0.0,1.0,0.0,0.0
2021-03-30,0.0,0.0,1.0,0.0,0.0
2021-03-31,0.0,0.0,1.0,0.0,0.0
2021-04-01,0.0,0.0,1.0,0.0,0.0
2021-04-02,0.0,0.0,1.0,0.0,0.0
2021-04-03,0.0,0.03191377108700088,0.8935741673019082,0.06997570204374436,0.004536359567346611
2021-04-04,0.0,0.0,0.9580712533108439,0.04192874668915635,0.0
2021-04-05,0.0,0.0,1.0,0.0,0.0
2021-04-06,0.0,0.03216768012967623,0.8165739519740259,0.14099250696023924,0.010265860936058479
2021-04-07,0.0,0.003980099009016382,0.905801419542555,0.09021848144842882,0.0
2021-04-08,0.0,0.0019532603748822,0.9010217382056138,0.09702500141950404,0.0
2021-04-09,0.0,0.0,0.9823645925961116,0.017635407403888373,0.0
2021-04-10,0.0,0.0,1.0,0.0,0.0
2021-04-11,0.0,0.0,0.9745975156968404,0.02540248430315961,0.0
2021-04-12,0.0006671716516338019,0.005604634157681372,0.6023651761866695,0.37723661903191397,0.014126398972101347
2021-04-13,0.0,0.0,0.7774061821044775,0.22211565610000963,0.0004781617955124211
2021-04-14,0.00020899616784726335,0.0,0.7112396599834181,0.274766373006529,0.0137849708422053
2021-04-15,0.0012400540608698187,0.00017590371472282242,0.6180024152894533,0.36568718290492297,0.014894444030031364
2021-04-16,0.004811648745561505,0.003072638589570584,0.5307663787679964,0.44478232602942824,0.01656700786744327
2021-04-17,0.011073927442229112,0.008547595042992802,0.31058123232367524,0.6291091076015285,0.04068813758957436
2021-04-18,0.011896864340677604,0.007525001310658121,0.33926052914257204,0.6008286743523091,0.04048893085378321
2021-04-19,0.016235322492704974,0.007312936321688349,0.29653776414398597,0.6273168290130515,0.05259714802856897
2021-04-20,0.02087575613796469,0.009971913195616827,0.38321536386798866,0.5370139217959065,0.04892304500252309
2021-04-21,0.02790377173725192,0.014622643712933737,0.3865510720786208,0.5116312770763445,0.05929123539484888
2021-04-22,0.03442948056392892,0.02324687938227732,0.4208496294408143,0.4436103229636675,0.077863687649312
2021-04-23,0.02315061401323451,0.011854260747089965,0.41565144364463597,0.5006894445813502,0.04865423701368963
2021-04-24,0.02995887529506875,0.01924553156636328,0.41303162060894016,0.4554446105251519,0.08231936200447568
2021-04-25,0.03166505392707152,0.017228929382384704,0.5292864211458215,0.34257460106007775,0.07924499448464455
2021-04-26,0.03000909675166972,0.013798992683814758,0.4795957584876457,0.3899860093851647,0.08661014269170507
2021-04-27,0.03652790010342583,0.022439025329291554,0.5235982529225933,0.2957210859095976,0.1217137357350914
2021-04-28,0.042565795245902094,0.02334754705519544,0.5357616041105201,0.2664501052085675,0.1318749483798149
2021-04-29,0.04826101579394012,0.023568021919702753,0.5159912094405825,0.28291054349411765,0.12926920935165692
2021-04-30,0.041685736068128185,0.019613534273576955,0.4506433894595205,0.36309599769827977,0.12496134250049452
2021-05-01,0.041416901593846915,0.022418459679808725,0.5408104358929465,0.28019451546296226,0.11515968737043576
2021-05-02,0.04516716499408271,0.024099260189861124,0.5378805897854599,0.2709782578916911,0.12187472713890539
2021-05-03,0.03979584337438091,0.018440984636176813,0.5889976185207848,0.22922583476604513,0.12353971870261252
2021-05-04,0.0435387025709542,0.01630645347636675,0.4970826405862455,0.2850923712070849,0.15797983215934852
2021-05-05,0.041491927979078906,0.030306858257907132,0.49441339228693526,0.2813563904628521,0.1524314310132265
2021-05-06,0.041067662083005024,0.032469242769624984,0.520825674670676,0.26039633504000137,0.14524108543669287
2021-05-07,0.038859913055047636,0.022251189016292708,0.5556058305442131,0.23860914998361332,0.14467391740083319
2021-05-08,0.04004115565997587,0.02074072588323661,0.5559951842731695,0.23377383298458407,0.14944910119903398
2021-05-09,0.04232785131528224,0.024819930387748892,0.5465867830468946,0.24458199552308563,0.14168343972698855
2021-05-10,0.03541656307724082,0.03646907434979625,0.5130018055076352,0.2596361880801367,0.15547636898519085
2021-05-11,0.03384358230272777,0.02954171556444314,0.5426425398075234,0.24691441300950237,0.14705774931580332
2021-05-12,0.03794285996396014,0.025957572756555608,0.49513262920031903,0.28019811111745885,0.16076882696170627
2021-05-13,0.036677665174696596,0.012019965111292427,0.4778660122453692,0.28785903319824174,0.18557732427040013
2021-05-14,0.03840984430321176,0.0114798084613974,0.398391745891958,0.33550045966349207,0.2162181416799407
2021-05-15,0.03602520832763841,0.02940946769539296,0.38843891345506326,0.30771346806478583,0.23841294245711941
2021-05-16,0.03634019859307271,0.026771523147638226,0.44044668578256474,0.26656963311518483,0.22987195936153954
2021-05-17,0.026474191412820307,0.02321503222775831,0.4645877382348112,0.19697305559103045,0.2887499825335799
2021-05-18,0.02300434418107196,0.0244024020413943,0.5488119943162924,0.13959586083516695,0.2641853986260745
2021-05-19,0.024083182302180817,0.02036714124985571,0.5880087673074994,0.1263889304575787,0.24115197868288538
2021-05-20,0.028437257837761173,0.023346258926930562,0.5705047028072131,0.15390535404794822,0.22380642638014692
2021-05-21,0.03402789773211526,0.02138739437656635,0.5329251667513699,0.18264105200326713,0.22901848913668155
2021-05-22,0.0383859318372585,0.025716675773273988,0.4659455250626349,0.2269558590808945,0.2429960082459382
2021-05-23,0.03814901411472996,0.025039153345512072,0.4587546294231182,0.25436970915607676,0.2236874939605631
2021-05-24,0.04755936781333373,0.023584904098705457,0.45630865910228835,0.2874747656576573,0.1850723033280155
2021-05-25,0.05948638333586233,0.02705154303439332,0.37913212835861765,0.3612572042109936,0.17307274106013323
2021-05-26,0.0673022660836363,0.03520485583441707,0.26324961199786656,0.4640373041566719,0.17020596192740853
2021-05-27,0.08088315802031355,0.034935308974434406,0.24974301696924267,0.48338607662634814,0.15105243940966118
2021-05-28,0.0972186204189086,0.036015738138480524,0.15863608033010995,0.5683152128787953,0.13981434823370575
2021-05-29,0.11575514842405785,0.03607728084771945,0.13774579820028754,0.5813588466411661,0.12906292588676896
2021-05-30,0.17919062876205175,0.03383581737666669,0.1576615065183176,0.5178877603677534,0.11142428697521077
2021-05-31,0.25425662133566307,0.027068787212867623,0.18866465798060833,0.4302450791097706,0.09976485436109027
2021-06-01,0.3730844132558023,0.020722480784418185,0.18119384872220057,0.3421708101829818,0.08282844705459715
2021-06-02,0.6388889898747547,0.00924424438810359,0.17745929112950487,0.1333529822599392,0.04105449234769761
2021-06-03,0.8006822079964381,0.001367172905193604,0.12864519909744324,0.043762012354663295,0.02554340764626175
2021-06-04,0.8550670385747505,0.0,0.11179586204813143,0.02239877923642222,0.010738320140695881
2021-06-05,0.8245176588199484,0.0,0.15630071822771835,0.015632502721440508,0.0035491202308927565
2021-06-06,0.7230962823493012,0.0,0.24464514302585896,0.032258574624839775,0.0
2021-06-07,0.7724657818584554,0.0,0.16017090384029073,0.057249111656542125,0.010114202644711724
2021-06-08,0.5805021481040964,0.006457934085168884,0.17556451659035902,0.21802482408542462,0.019450577134951106
2021-06-09,0.5007432298047086,0.004054229508826137,0.29110100501112435,0.19245895735820492,0.011642578317136046
2021-06-10,0.58947397840833,0.0012069487167326483,0.273465732497622,0.12515310316464012,0.01070023721267524
2021-06-11,0.8041283954748064,0.0019642921679324295,0.06868462993687147,0.11504526618204844,0.010177416238341253
2021-06-12,0.9000184879870007,0.00022163184531645997,0.0,0.09249708497030631,0.007262795197376557
2021-06-13,0.972444265759619,0.0,0.0,0.02755573424038104,0.0
2021-06-14,1.0,0.0,0.0,0.0,0.0
2021-06-15,1.0,0.0,0.0,0.0,0.0
2021-06-16,1.0,0.0,0.0,0.0,0.0
2021-06-17,1.0,0.0,0.0,0.0,0.0
2021-06-18,1.0,0.0,0.0,0.0,0.0
2021-06-19,0.9792569500297735,0.0,0.002530191227026907,0.01821285874319956,0.0
2021-06-20,0.7263642299213249,0.0066551412987451986,0.0006862602234119983,0.2471815398384743,0.019112828718043578
2021-06-21,0.9066951100800638,0.0,0.01694716761903206,0.07635772230090415,0.0
2021-06-22,0.7103703523026961,0.003429865862014589,0.060985582641547235,0.21482538061544196,0.010388818578300152
2021-06-23,0.7133037898596957,0.0,0.13306915396422644,0.15362705617607783,0.0
2021-06-24,0.6480811465893019,0.0,0.18923134054436258,0.16268751286633554,0.0
2021-06-25,0.6330987437130089,0.0,0.18364120328403016,0.18326005300296092,0.0
2021-06-26,0.6019715446966725,0.0,0.19929467440800022,0.1987337808953274,0.0
2021-06-27,0.45684946109972624,0.002103843228389409,0.19894583757913525,0.33982372687195905,0.002277131220790103
2021-06-28,0.3386370585962377,0.0030013292837340402,0.29506710698164623,0.36329450513838196,0.0
2021-06-29,0.2481913579310506,0.005763235072522452,0.3438358108593552,0.39875457961359095,0.003455016523480837
2021-06-30,0.17571629850748194,0.00764227152351802,0.341339466952201,0.46898446413456135,0.006317498882237656
2021-07-01,0.14045350650270003,0.011945135663173255,0.3146658065289365,0.5168137376179229,0.016121813687267283
2021-07-02,0.08679361071452585,0.009250469018346426,0.4123723162569043,0.48290811825149504,0.008675485758728362
2021-07-03,0.16355246379954244,0.02012306610104972,0.22654743577295827,0.5481663339823672,0.04161070034408233
2021-07-04,0.15833135336303666,0.0102570380091518,0.3494109020068235,0.4627298715243084,0.019270835096679616
2021-07-05,0.10359080114557828,0.009623571973290078,0.4096717776528102,0.45415286883752104,0.022960980390800394
2021-07-06,0.11234970767664457,0.014679222115882407,0.35326852327468933,0.48432701590807836,0.035375531024705344
2021-07-07,0.10255682171907302,0.002690241192191783,0.5752496989799181,0.319503238108817,0.0
2021-07-08,0.11682387577215875,0.008735823791690633,0.5045533554089285,0.3627068096261321,0.0071801354010899016
2021-07-09,0.10638925058675906,0.01341121124987106,0.46126598975387006,0.4049717825111157,0.013961765898384201
2021-07-10,0.0780865669410189,0.00840028491411167,0.4595111922136245,0.4364592428230154,0.017542713108229514
2021-07-11,0.14750040197154285,0.009136209500767385,0.4691329926163316,0.3664897682057172,0.007740627705640931
2021-07-12,0.056325581520927294,0.026799483893510806,0.4229439211183027,0.4630832919516982,0.03084772151556095
2021-07-13,0.1264111235451244,0.03083203217643232,0.4113089416663366,0.416293531147094,0.015154371465012688
2021-07-14,0.18956785173849622,0.030902403301118146,0.25210333535369794,0.49028828913558203,0.03713812047110558
2021-07-15,0.19148365642909396,0.03621983848980664,0.13228218736515973,0.5956921618220332,0.04432215589390651
2021-07-16,0.12499254953792531,0.04892425847256705,0.0980315596588879,0.6746241575070608,0.05342747482355877
2021-07-17,0.07144497053944295,0.04798228778254697,0.0963764122220826,0.7330477723233483,0.05114855713257925
2021-07-18,0.04667139368189551,0.06488592571611727,0.12375609600763848,0.7069814706726524,0.05770511392169649
2021-07-19,0.04186745068204278,0.09253351634479073,0.13420057686568584,0.6801169193294733,0.05128153677800742
2021-07-20,0.03354485679972848,0.09221055206653048,0.1887488468069875,0.6466773749396543,0.03881836938709918
2021-07-21,0.02363314004335698,0.06424763636343302,0.10997192396636286,0.7732803829134546,0.02886691671339265
2021-07-22,0.028360605540912985,0.04552065439025022,0.13113907290849977,0.7521691679046523,0.04281049925568467
2021-07-23,0.023948323167187827,0.02980883590666151,0.17596067337369672,0.7371120676887273,0.03317009986372688
2021-07-24,0.02291397988669757,0.02389108851771231,0.16534660420112568,0.7596360766344619,0.02821225076000263
2021-07-25,0.021219863894111474,0.01527869753443075,0.2184059701144894,0.7273131830410036,0.01778228541596461
2021-07-26,0.019761346740625598,0.007889726090559164,0.2318782302269065,0.7292183039232186,0.01125239301869008
2021-07-27,0.022691092125525055,0.009042384397200655,0.2485206318794613,0.7040722727240355,0.015673618873777367
2021-07-28,0.01978969325466588,0.010545859498214905,0.24262872500780208,0.7110256068710656,0.01601011536825148
2021-07-29,0.02945533920559707,0.015010372543542108,0.1992234192775747,0.7291505230224493,0.02716034595083687
2021-07-30,0.0259761718162656,0.012475149976227,0.15739657358672882,0.7765632126621775,0.02758889195860103
2021-07-31,0.042082569812242614,0.018917200219356202,0.1167256197884986,0.7823361124942299,0.039938497685672925
2021-08-01,0.04236759937590122,0.01657894325318214,0.09647692929763603,0.8050107879967577,0.0395657400765231
2021-08-02,0.01747149184849994,0.0053832506118219395,0.11511083498372775,0.8407029207149722,0.021331501840978467
2021-08-03,0.021936367648841642,0.009767508019635333,0.09384947973068816,0.8525324071496211,0.021914237451214017
2021-08-04,0.022859007016424092,0.00946806214471927,0.08142176473659438,0.8579459092039354,0.02830525689832665
2021-08-05,0.031903505173246464,0.018291967038300168,0.08511099695373504,0.8177974712095218,0.04689605962519641
2021-08-06,0.03549593172079333,0.018515498967813557,0.07693631806517519,0.8179320556009739,0.05112019564524392
2021-08-07,0.03295422663276139,0.015868190187505682,0.0602366471918158,0.8495957069647736,0.04134522902314373
2021-08-08,0.02719175060032209,0.007257607546765896,0.09486684211130125,0.8505360655809613,0.02014773416064995
2021-08-09,0.015512755699116584,0.0002170101183415667,0.1279366629996466,0.8563335711828951,0.0
2021-08-10,0.010067934281060916,0.0016762520535558902,0.14374644639379064,0.8445093672715925,0.0
2021-08-11,0.011462009136154933,0.0,0.05758891099864349,0.9309490798652017,0.0
2021-08-12,0.010245277705302147,0.0,0.0791979031472009,0.9105568191474971,0.0
2021-08-13,0.025804950162627203,0.0,0.1256439574597943,0.8485510923775785,0.0
2021-08-14,0.03237177067458023,0.0,0.17971510564731233,0.7879131236781073,0.0
2021-08-15,0.03084796916635582,0.0,0.22883009282944905,0.7344635381926291,0.005858399811566254
2021-08-16,0.042699233733856645,0.0016984257927631988,0.30905183401627667,0.6303318530593445,0.016218653397759138
2021-08-17,0.027591516981924594,0.005897915675655695,0.4559443553720039,0.5011705434200211,0.009395668550394615
2021-08-18,0.020198771256909925,0.009250311099588189,0.596902130590865,0.3736487870526369,0.0
2021-08-19,0.02063678088734972,0.010533435232828264,0.6948978420637655,0.2739319418160569,0.0
2021-08-20,0.016529916914504186,0.016632590896155344,0.6393390296779731,0.3203455209718566,0.007152941539510606
2021-08-21,0.016637084201204133,0.024496857645165234,0.5649846277879638,0.37725387990272774,0.016627550462938984
2021-08-22,0.025391926521960005,0.03634255983308899,0.5025287790698658,0.4116421355801332,0.02409459899495204
2021-08-23,0.022671593818966697,0.029591563252971437,0.5660999634783939,0.3596117381925998,0.02202514125706813
2021-08-24,0.015452677028759385,0.025141674472145305,0.6274882528415147,0.32977480419697025,0.0021425914606105073
2021-08-25,0.0,0.0,0.7071207191733754,0.29287928082662446,0.0
2021-08-26,0.004831921917788268,0.0,0.6694257371356307,0.3257423409465811,0.0
2021-08-27,0.014465444134378449,0.0006361136772171684,0.524873681939277,0.46002476024912725,0.0
2021-08-28,0.02286170798684493,0.0,0.4632411440286197,0.5138971479845352,0.0
2021-08-29,0.03415098245455707,0.0,0.4893917042424671,0.47645731330297586,0.0
2021-08-30,0.047209511239915104,0.004126472671674281,0.4386509919646558,0.5082682711930075,0.0017447529307472696
2021-08-31,0.06499598745912244,0.009951716281970571,0.3133533765901007,0.5882403229397264,0.023458596729079864
2021-09-01,0.09015106798806855,0.013607379177975887,0.2292170596936584,0.6318104611289602,0.03521403201133694
2021-09-02,0.13764252909904837,0.011994823658713058,0.21439581987856385,0.6073288397522125,0.02863798761146233
2021-09-03,0.16777451386477607,0.010822377505047505,0.18106316111020523,0.6130129394082234,0.027327008111747805
2021-09-04,0.20594242412014396,0.004274564044086177,0.18742548693922775,0.5953193979266718,0.007038126969870365
2021-09-05,0.17997166546641336,0.0009473576655911128,0.17387077554408273,0.6438288105013298,0.0013813908225831645
2021-09-06,0.21806170386336063,0.0,0.18765355169921233,0.5942847444374271,0.0
2021-09-07,0.2953303333966799,0.0,0.18841687915626937,0.5162527874470506,0.0
2021-09-08,0.30775979150594523,0.0,0.1958964717366533,0.4963437367574015,0.0
2021-09-09,0.45880338700256734,0.0,0.1395485892496349,0.4016480237477977,0.0
2021-09-10,0.2676518981223996,0.0017220803961821244,0.18958071347771502,0.5344544957917988,0.006590812211904398
2021-09-11,0.3994158694559471,0.0008410526222835755,0.13189066508424066,0.4614016631119178,0.006450749725610674
2021-09-12,0.4288627923415144,0.0029408259161974037,0.11142171818742283,0.44827596823567795,0.00849869531918754
2021-09-13,0.5508931649248475,0.0016597728176692313,0.08814023814466745,0.34676301759458017,0.01254380651823563
2021-09-14,0.5026448014289389,0.0018537962291976413,0.0932522313159148,0.39036254423209504,0.011886626793853652
2021-09-15,0.36158045360367264,0.004377245756223197,0.12622493455807007,0.49247808491582307,0.015339281166211114
2021-09-16,0.27090170603948094,0.004257164644920063,0.14926217477484718,0.5598083763966117,0.015770578144140145
2021-09-17,0.18433889835424655,0.00837855068350609,0.23166028684106854,0.5567757152903183,0.018846548830860416
2021-09-18,0.4446437414375728,0.002050071175705999,0.1699035505052373,0.37446982242939647,0.00893281445208744
2021-09-19,0.4404442678385872,0.0,0.18313946249288426,0.37191254552616615,0.004503724142362325
2021-09-20,0.329748412587348,0.0,0.2507986453231554,0.4168843557174749,0.002568586372021762
2021-09-21,0.2565042094900771,0.001385661577574096,0.3017307429141811,0.43716670799158586,0.0032126780265817993
2021-09-22,0.3026722288807323,0.003909731296725514,0.2832483780326266,0.40737396371622747,0.0027956980736880957
2021-09-23,0.3694824097151629,0.006323030528341193,0.27449125558672377,0.3449837347072774,0.004719569462494753
2021-09-24,0.4327089754128607,0.0,0.2463317250998007,0.3209592994873386,0.0
2021-09-25,0.4493862560935573,0.0,0.2369458711138097,0.3136678727926331,0.0
2021-09-26,0.3172044491448456,0.0,0.25005813879931177,0.43273741205584276,0.0
2021-09-27,0.544216072014704,0.0,0.2028804168178392,0.25290351116745674,0.0
2021-09-28,0.4397737964993284,0.0,0.1710593112999641,0.38481250161192043,0.004354390588787114
2021-09-29,0.44549719736675464,0.0,0.16810538039148387,0.38639742224176155,0.0
2021-09-30,0.5677353297813251,0.0,0.14145217554619358,0.2903639672917443,0.00044852738073694696
2021-10-01,0.5562744305805485,0.0018853760081510946,0.13598184538439712,0.30088629372910575,0.004972054297797627
2021-10-02,0.6311753497509319,0.0013795052626722122,0.08953396621021562,0.2746832688879148,0.003227909888265406
2021-10-03,0.6458761447321995,1.398922015531743e-05,0.10505051804770711,0.24905934799993817,0.0
2021-10-04,0.7012605754038168,0.0,0.09360111420569511,0.2051383103904881,0.0
2021-10-05,0.7145138727095899,0.0,0.054065694393100654,0.23110324569305338,0.00031718720425610034
2021-10-06,0.6734823088013087,0.004326777874899001,0.08175747799847281,0.23877433689471803,0.0016590984306014845
2021-10-07,0.6102467625677565,0.004285581135186973,0.06644538339428294,0.31130263519787155,0.007719637704902107
2021-10-08,0.5327261100157988,0.01100805956142193,0.07800523313183017,0.3671775166403125,0.011083080650636552
2021-10-09,0.518851576437169,0.01583400319422486,0.0873800588308356,0.3642380738758261,0.013696287661944383
2021-10-10,0.44499791289533797,0.01992839202434709,0.11517417122629285,0.4005038871292705,0.019395636724751468
2021-10-11,0.3108982341917415,0.03203582956008524,0.15110185980155472,0.47416551836347964,0.031798558083138875
2021-10-12,0.22768502177674127,0.04435017443293675,0.1408915040933959,0.5481662440796116,0.038907055617314314
2021-10-13,0.16922936605373856,0.049602832657217454,0.15660832463682323,0.5796700937169654,0.04488938293525538
2021-10-14,0.14249628900491024,0.055509903157509054,0.11762058611938273,0.6289856506576716,0.05538757106052653
2021-10-15,0.11959395213294818,0.07144831957450568,0.09840677445102722,0.6493653021307944,0.06118565171072466
2021-10-16,0.11111897865617622,0.08702346030616405,0.11190597854121838,0.6344778969719629,0.055473685524478594
2021-10-17,0.10356089887243956,0.0887606918841947,0.12364282567304645,0.6346783187852483,0.049357264785070895
2021-10-18,0.0884230647761311,0.0987821189944723,0.1472029132707577,0.620033905123156,0.045557997835483095
2021-10-19,0.07520752948306525,0.1239811222036517,0.167366364985995,0.5924546939508155,0.0409902893764724
2021-10-20,0.06073627675406311,0.13493413473305843,0.20800760043843858,0.5638664927151071,0.03245549535933264
2021-10-21,0.049735369660985025,0.17463448821002672,0.2010131102326699,0.5452954564326905,0.029321575463627982
2021-10-22,0.04066029050081773,0.21041963533783753,0.21543602502686315,0.5070637336598761,0.02642031547460553
2021-10-23,0.035332438483144,0.212340129573338,0.22902060137361457,0.492454874437871,0.030851956132032378
2021-10-24,0.03301604540359771,0.2069372736309403,0.2086360678812521,0.5158770654912683,0.03553354759294168
2021-10-25,0.034649570551730464,0.20698918016649526,0.1957956564527285,0.5236455614001145,0.038920031428931225
2021-10-26,0.03686763762853945,0.19764721057682438,0.15989387948258238,0.5584901483659904,0.04710112394606356
2021-10-27,0.03188452781798336,0.22569635836759755,0.19704312273215183,0.5062960172995326,0.03907997378273455
2021-10-28,0.03498549461304713,0.227952317966684,0.14130036388866823,0.5492762983404074,0.04648552519119306
2021-10-29,0.03042034049133177,0.27398726948978896,0.17086425012080958,0.48648723602591787,0.03824090387215155
2021-10-30,0.02555244074603203,0.35536740421226015,0.15122002678747082,0.43633055757977585,0.031529570674461126
2021-10-31,0.029397222802295876,0.33081653181019127,0.13705033395690164,0.46521317366588694,0.03752273776472421
2021-11-01,0.027964339752237943,0.3562247630625708,0.12801848514262043,0.4508083474798913,0.03698406456267943
2021-11-02,0.025471911521348013,0.42482734100208275,0.1304278810121689,0.38991438269808854,0.029358483766311734
2021-11-03,0.027207272007635147,0.4310512888339606,0.09917996952432546,0.4079340190851457,0.03462745054893295
2021-11-04,0.02614871217003091,0.462610631292751,0.10325523779065982,0.37512046205467003,0.03286495669188843
2021-11-05,0.02450484718674554,0.4938509318935096,0.09789354180890475,0.3550734423512587,0.028677236759581184
2021-11-06,0.023729437644527753,0.5272566611176626,0.09937740985059901,0.3229404434995386,0.026696047887672134
2021-11-07,0.02085600351629123,0.6149094094175518,0.07683044559654297,0.2659702423042574,0.021433899165356523
2021-11-08,0.01645596525065916,0.7078555483821035,0.08678547686865913,0.17841396679646532,0.010489042702112948
2021-11-09,0.011438856925592045,0.7747596013998926,0.08815280566852413,0.12170201735495692,0.003946718651034301
2021-11-10,0.00703598754632004,0.8287668733240866,0.07939854868852217,0.08474011168761333,5.84787534577717e-05
2021-11-11,0.003203180668639772,0.8496702361393119,0.10261141572746592,0.04451516746458249,0.0
2021-11-12,0.0007478013317570968,0.8688229639987136,0.10345356138670567,0.026975673282823596,0.0
2021-11-13,0.0,0.8704437332883105,0.10808383126781385,0.021472435443875837,0.0
2021-11-14,0.0,0.8751547218320662,0.10437593375832714,0.020469344409606485,0.0
2021-11-15,5.085032900075878e-05,0.9260654592507106,0.04595543932625893,0.02792825109402973,0.0
2021-11-16,0.0,0.9275318477664122,0.05501373998158852,0.017454412251999292,0.0
2021-11-17,0.0,0.9216311456261699,0.07043488308678372,0.007933971287046426,0.0
2021-11-18,0.0,0.9389443368267564,0.05666504721235454,0.004390615960889192,0.0
2021-11-19,0.0,0.9552711410905365,0.04472885890946362,0.0,0.0
2021-11-20,0.0,0.9432372110382954,0.05249873827255616,0.004264050689148555,0.0
2021-11-21,0.0,0.9558688533280211,0.04413114667197886,0.0,0.0
2021-11-22,0.0,0.9569556382430192,0.041334704410558164,0.0017096573464224314,0.0
2021-11-23,0.0,0.9712903828379941,0.028709617162005815,0.0,0.0
2021-11-24,0.0,0.9343467931257923,0.06290452375076125,0.002748683123446433,0.0
2021-11-25,0.0,0.9340202585562299,0.06597974144377004,0.0,0.0
2021-11-26,0.0,0.9376999857206293,0.05913538046105165,0.0031646338183189786,0.0
2021-11-27,0.0,0.944638542045471,0.04911457792470703,0.0062468800298219745,0.0
2021-11-28,0.0,0.9639806238751353,0.03601937612486457,0.0,0.0
2021-11-29,0.0,0.9573227132203447,0.03745683681800977,0.005220449961645437,0.0
2021-11-30,0.0,0.9691455774196915,0.03022743852088078,0.0006269840594277571,0.0
2021-12-01,0.0,0.9641568743692691,0.030913129961174658,0.004929995669556318,0.0
2021-12-02,0.0,0.9625853712033604,0.03594060924356244,0.001474019553077033,0.0
2021-12-03,0.0,0.9566725486056848,0.03340569857840744,0.009921752815907877,0.0
2021-12-04,0.0,0.9422135433058195,0.038120914223963666,0.01966554247021676,0.0
2021-12-05,0.0,0.9329315490956338,0.051260121664393955,0.015808329239972323,0.0
2021-12-06,0.0,0.9344135698370357,0.047117525604314064,0.01846890455865018,0.0
2021-12-07,0.00020521253634414203,0.9195988828346444,0.04982814499748305,0.02758601413511005,0.0027817454964183413
2021-12-08,0.0,0.9270698087963373,0.044222750718345014,0.026294743961312657,0.0024126965240050206
2021-12-09,0.001104076385059355,0.9154645979025493,0.04602490915095536,0.0338656008561892,0.003540815705246894
2021-12-10,0.0,0.9392060765110402,0.037347896995513344,0.022718104941382825,0.0007279215520635965
2021-12-11,0.0013393821853814178,0.9081711028843615,0.039484416106809785,0.0426156653887238,0.0083894334347235
2021-12-12,0.0008253559360736655,0.8720939713949697,0.0713368271009678,0.050863745749446444,0.004880099818542625
2021-12-13,0.002108983232368176,0.863743288566234,0.07154752272428921,0.05328291797505474,0.00931728750205398
2021-12-14,0.002742904411394031,0.8445903503406812,0.06554212746166269,0.07490190557506479,0.01222271221119725
2021-12-15,0.002045157474644274,0.8552152076575165,0.0622105859088963,0.06809466434141936,0.012434384617523714
2021-12-16,0.002747952317625023,0.8504268900214903,0.06736226189567768,0.06372232354599579,0.015740572219211147
2021-12-17,0.0029472322380003756,0.8393497503478543,0.08032691160643385,0.06183603481361288,0.015540070994098605
2021-12-18,0.00652421533869928,0.7472604431996983,0.12691548110171225,0.08790625830293286,0.03139360205695719
2021-12-19,0.009346297007215416,0.6429522555569778,0.1954328783147885,0.11308536261171927,0.03918320650929881
2021-12-20,0.008672129219073198,0.662213210279236,0.15084867007377412,0.14262552024203048,0.03564047018588621
2021-12-21,0.009558554651319294,0.6871345242990986,0.13549149669945326,0.12993084132514088,0.03788458302498798
2021-12-22,0.01049122063508708,0.6735421591033914,0.12281171219270642,0.15142872925460749,0.041726178814207614
2021-12-23,0.00786274450081129,0.6529288566412977,0.14712030464773926,0.14584464707345568,0.046243447136695884
2021-12-24,0.01253399904718264,0.6044957210029541,0.15084533094986638,0.18054696086791316,0.05157798813208366
2021-12-25,0.011157132534381345,0.5782563279372543,0.17731796868326738,0.17952711612192768,0.05374145472316917
2021-12-26,0.015834105325662103,0.39182740970352825,0.2749946960990659,0.23529376895558898,0.0820500199161546
2021-12-27,0.01837370925137228,0.34585845665281534,0.30734102310414674,0.23329482500178692,0.09513198598987874
2021-12-28,0.01681946326117322,0.381473217754088,0.3383574031167689,0.18581329959519655,0.07753661627277321
2021-12-29,0.022655146024997505,0.3016639213506461,0.2745655615206906,0.30151203587357,0.0996033352300957
2021-12-30,0.02272845668741099,0.2696674788039096,0.3419714885603301,0.2601567806628843,0.10547579528546515
2021-12-31,0.024681229438691617,0.17106173659414609,0.4676292726780276,0.20803596261633844,0.1285917986727961
2022-01-01,0.03225558686044922,0.10616218671363087,0.47152936304707194,0.2817782086686603,0.10827465471018757
2022-01-02,0.023803711152190016,0.09737026820175398,0.5617984384291307,0.19311208593122747,0.12391549628569809
2022-01-03,0.02175721499005829,0.1113457587288866,0.4783877576551418,0.2515142310645106,0.13699503756140288
2022-01-04,0.028434345182191262,0.12410619592967075,0.48275221640487964,0.21524334043558316,0.14946390204767515
2022-01-05,0.026042264068757995,0.1655035846953077,0.3499239658262986,0.2764696349750698,0.18206055043456595
2022-01-06,0.022173555114678688,0.1256292909151544,0.40035185347706814,0.25717396403397313,0.19467133645912565
2022-01-07,0.021935522765850625,0.14566028231381012,0.40058024906645906,0.271849286481524,0.15997465937235616
2022-01-08,0.023901036626624038,0.11301683106330641,0.3998274134067872,0.3230878916230643,0.140166827280218
2022-01-09,0.021708558155066747,0.1450150981368615,0.41302554563431637,0.27798817972760437,0.14226261834615087
2022-01-10,0.019283541347700515,0.127063962098839,0.46469909716958924,0.21747935166082646,0.17147404772304484
2022-01-11,0.019943006248603436,0.11810202036014766,0.4595944521502625,0.236843751410162,0.16551676983082458
2022-01-12,0.020808495375667174,0.09289714611915587,0.486698800515816,0.20290802377902917,0.19668753421033197
2022-01-13,0.02491806614523835,0.06256163848024951,0.49081413845637734,0.2708845930723086,0.15082156384582612
2022-01-14,0.021199513492986787,0.09966794709531065,0.48362335485511343,0.20766982933055397,0.18783935522603526
2022-01-15,0.021213178751337547,0.07013971527843205,0.4991440095515927,0.20311239341537624,0.2063907030032614
2022-01-16,0.01716459248045596,0.07562765909359674,0.6183237190227381,0.13827156869301238,0.15061246071019704
2022-01-17,0.02019366441043289,0.07339277453784511,0.5078656707711825,0.1783925345516672,0.2201553557288724
2022-01-18,0.016408023756770834,0.0889584888425274,0.5692219423150632,0.11882681671040055,0.20658472837523828
2022-01-19,0.015498986958990775,0.0697776056441508,0.5478878597744208,0.12418969035907351,0.24264585726336407
2022-01-20,0.015611012637871895,0.06621720342022369,0.5431155361633808,0.12605361097736786,0.2490026368011556
2022-01-21,0.013069777361508206,0.10378086402790151,0.5205120169848124,0.10610749665568561,0.2565298449700921
2022-01-22,0.015142398737555976,0.08634315928497854,0.555477125101423,0.10615437648158693,0.23688294039445557
2022-01-23,0.007167173035661771,0.14444572156260488,0.6602683880586542,0.030060313572321216,0.15805840377075797
2022-01-24,0.005590273204791135,0.14542856324499642,0.6304115834219802,0.01994225658845495,0.1986273235397772
2022-01-25,0.007951509230804038,0.10405833895094893,0.6317174106497323,0.01112076013173726,0.24515198103677746
2022-01-26,0.009759210995926942,0.07160984617323735,0.7006829374352908,0.004238268000167092,0.21370973739537788
2022-01-27,0.011238989261832678,0.10349770739474388,0.6653409545786833,0.03213231675738652,0.18779003200735378
2022-01-28,0.010758749791063543,0.103756918250667,0.6189511815473732,0.03044739990356887,0.23608575050732744
2022-01-29,0.011238846442835387,0.0785689440701163,0.6088255164177803,0.023226106999477504,0.27814058606979086
2022-01-30,0.006255920659200984,0.12249175018699612,0.5999636075024648,0.002841552605215611,0.2684471690461226
2022-01-31,0.007360999744710668,0.13266046044296914,0.4847635518550275,0.037633009457816155,0.3375819784994765
2022-02-01,0.006671467983834153,0.1258849992621796,0.4004022990962695,0.061717128238491854,0.4053241054192247
2022-02-02,0.004068058195547876,0.0895924549250557,0.5163009064690922,0.046499873307621016,0.34353870710268325
2022-02-03,0.0064218112102374485,0.13625400807328972,0.5029250819170425,0.04610024263362477,0.30829885616580555
2022-02-04,0.009697890264088672,0.08098073860137132,0.5696923238648524,0.015502099518393389,0.32412694775129447
2022-02-05,0.002202171969647551,0.10088757106031836,0.5233222258872365,0.0,0.37358803108279764
2022-02-06,0.002218534735660591,0.10052267919203355,0.41549696909665146,0.01773253941726123,0.46402927755839335
2022-02-07,0.0015357619791772012,0.11861510210269283,0.38238038468020397,0.023006739894371908,0.47446201134355404
2022-02-08,0.0025304506473638484,0.07391805589765901,0.5305997560837545,0.0,0.3929517373712225
2022-02-09,0.0,0.04131756674073488,0.600175180395269,0.0,0.3585072528639962
2022-02-10,0.0,0.03520371314989549,0.5734701262599731,0.0,0.3913261605901313
2022-02-11,0.0,0.021655614822374672,0.5805100938998201,0.0,0.3978342912778051
2022-02-12,0.0,0.010064562243789522,0.5191116973295371,0.0,0.4708237404266735
2022-02-13,0.0,0.004369264435948941,0.5571664132366372,0.0,0.43846432232741406
2022-02-14,0.0,0.020376512681676673,0.41898268386140347,0.0,0.5606408034569197
2022-02-15,0.0,0.006614446213524458,0.3701980549796454,0.0,0.6231874988068301
2022-02-16,0.0,0.0,0.28986745905282574,0.0,0.7101325409471744
2022-02-17,0.0,0.00022353621929309397,0.21194250579869678,0.0,0.7878339579820102
2022-02-18,0.0,0.007899345832402573,0.14670743245253115,0.0,0.8453932217150663
2022-02-19,0.0,0.006393469427381823,0.05453949575998386,0.0,0.9390670348126342
2022-02-20,0.0,0.0,0.025306075444871887,0.0,0.9746939245551282
2022-02-21,0.0,0.0007059567770396485,0.0,0.0,0.9992940432229603
2022-02-22,0.0,0.0,0.0,0.0,1.0
2022-02-23,0.0,0.0,0.00027605911071064415,0.0,0.9997239408892894
2022-02-24,0.0,0.0,0.0,0.0,1.0
2022-02-25,0.0,0.0,0.0,0.0,1.0
2022-02-26,0.0,0.0,0.0,0.0,1.0
2022-02-28,0.0,0.0,0.0,0.0,1.0
2022-03-01,0.0,0.0,0.0,0.0,1.0
2022-03-02,0.0,0.0036253280454818584,0.16047987985728435,0.0,0.8358947920972337
2022-03-03,0.0,0.03251171091532025,0.3438708451805156,0.05366621691209776,0.5699512269920664
2022-03-04,0.0,0.0,0.0,0.0,1.0
2022-03-05,0.0,0.0,0.0,0.0,1.0
2022-03-06,0.0,0.0,0.0,0.0,1.0
2022-03-07,0.0,0.0,0.0,0.0,1.0
2022-03-08,0.0,0.022146239563117537,0.0,0.0,0.9778537604368824
2022-03-09,0.0,0.061297412011731195,0.03715118410565889,0.053323134156630564,0.8482282697259796
2022-03-10,0.0,0.08156751652402632,0.18292435638966506,0.13514654068324694,0.6003615864030618
2022-03-11,0.0,0.10226600413981349,0.2484859596792234,0.21766335025583358,0.43158468592512944
2022-03-12,0.00024625693470220825,0.10412559332766316,0.34925625571114094,0.2432165182634029,0.30315537576309076
2022-03-13,0.0030638447001482202,0.09255815169698245,0.4297640957447407,0.2819948599507226,0.19261904790740583
2022-03-14,0.0,0.06053252990394793,0.46650751031979176,0.31208438612146544,0.16087557365479502
2022-03-15,0.0,0.05428853270268107,0.5287241324261656,0.3023606049085354,0.11462672996261768
2022-03-16,0.0,0.03826293552907325,0.6299091109003745,0.2658110532894207,0.0660169002811315
2022-03-17,0.005108694052305247,0.06716170998170742,0.35115596329412074,0.4483207160735061,0.12825291659836044
2022-03-18,0.014056373101223908,0.13354046972372577,0.21712789966016427,0.45648876332357924,0.1787864941913069
2022-03-19,0.010965859055852362,0.08869320022404299,0.28556953264010354,0.49632000346237914,0.11845140461762194
2022-03-20,0.01282702006438671,0.10175957597102035,0.30580584388464294,0.462045576073966,0.11756198400598387
2022-03-21,0.0,0.02751182387862234,0.6801662735632591,0.26942706210387507,0.022894840454243497
2022-03-22,0.0,0.026182174046049268,0.7008588075676445,0.24981186263916813,0.023147155747138135
2022-03-23,0.0,0.013884767894012058,0.7047200149608223,0.27436939295846713,0.007025824186698465
2022-03-24,0.0,0.010162330764322927,0.6059588272780712,0.3593641269374267,0.0245147150201794
2022-03-25,0.0,0.0,0.8278308245094075,0.1721691754905927,0.0
2022-03-26,0.0005667574827324644,0.008031247287653755,0.6990800863783063,0.2704562997585872,0.02186560909272022
2022-03-27,0.0,0.0,0.9446329018949862,0.05536709810501357,0.0
2022-03-28,0.0,0.0,1.0,0.0,0.0
2022-03-29,0.0,0.0,1.0,0.0,0.0
2022-03-30,0.0,0.0,0.9167872739386037,0.08321272606139635,0.0
2022-03-31,0.0,0.0,1.0,0.0,0.0
2022-04-01,0.0,0.0,0.8529436180567046,0.14705638194329562,0.0
2022-04-02,0.007496115527115474,0.014288863385885642,0.6954788502822098,0.253290183491284,0.029445987313505322
2022-04-03,0.001378339285998965,0.0048902808245645715,0.8399357216974677,0.14343945587080897,0.010356202321159962
2022-04-04,0.0025534900381451384,0.005672007337716386,0.8057489103230057,0.16864474491666936,0.01738084738446339
2022-04-05,0.0,0.0,0.9517793468890094,0.041254064863796285,0.006966588247194502
2022-04-06,0.0,0.0,0.9684556101385569,0.03154438986144333,0.0
2022-04-07,0.006831831085110485,0.0029710256279444347,0.880588287041481,0.08358013362555332,0.02602872261991075
2022-04-08,0.011314793722686612,0.009870802917758492,0.7421968447127841,0.19897840917887855,0.03763914946789204
2022-04-09,0.016317309060958678,0.019063808271269495,0.6501682925062227,0.25840256521055127,0.056048024950997956
2022-04-10,0.0067444290747601734,0.0014945868791187839,0.9237650463440147,0.04074669731277282,0.027249240389333424
2022-04-11,0.012333313044128456,0.003673177811694083,0.9160739832337883,0.005461852999136475,0.06245767291125263
2022-04-12,0.01757011475691615,0.0055558564951219275,0.8569914290747167,0.037531746920415436,0.08235085275282987
2022-04-13,0.017880954399992304,0.0062616692695650275,0.8373708314771346,0.05987037065871589,0.07861617419459235
2022-04-14,0.017914290694595183,0.005972455175615135,0.8573284935367099,0.042791998695476625,0.07599276189760311
2022-04-15,0.013548917948856501,0.0036631963504937665,0.9075308156038628,0.0,0.07525707009678685
2022-04-16,0.017546004188296663,0.006012508263495871,0.859025903107803,0.05343370705390792,0.06398187738649642
2022-04-17,0.01195025896123924,0.004345098384104577,0.9260922641306462,0.004345200587970728,0.053267177936039245
2022-04-18,0.006118744392711865,0.00019000939450651566,0.9498541226478844,0.0,0.043837123564897225
2022-04-19,0.0,0.0,1.0,0.0,0.0
2022-04-20,0.01303024664341447,0.004960523254398549,0.8657286591757587,0.06461408523420505,0.05166648569222332
2022-04-21,0.011702322460245208,0.005801424231791089,0.9253619121476856,0.01286614882984807,0.044268192330429786
2022-04-22,0.018920196730426157,0.009620760232793922,0.8442611781572784,0.059952889339609565,0.06724497553989175
2022-04-23,0.007840514980439636,0.0024374057728129214,0.9566474272157774,0.0,0.033074652030970084
2022-04-24,0.015317157213970867,0.011860368185272332,0.8857079445054186,0.04105795007602495,0.046056580019313294
2022-04-25,0.0033897674438666233,0.0,0.9777728342112154,0.0,0.018837398344917693
2022-04-26,0.0,0.0,1.0,0.0,0.0
2022-04-27,0.0,0.0,1.0,0.0,0.0
2022-04-28,0.0,0.0,1.0,0.0,0.0
2022-04-29,0.0017749086814702712,0.0,0.9797981153942733,0.0,0.0184269759242563
2022-04-30,0.0,0.0,1.0,0.0,0.0
2022-05-01,0.0,0.0,1.0,0.0,0.0
2022-05-02,0.011900751539413468,0.00040575565111702905,0.9790394995527767,0.0,0.008653993256692858
2022-05-03,0.0,0.0,1.0,0.0,0.0
2022-05-04,0.0,0.0,1.0,0.0,0.0
2022-05-05,0.0,0.0,1.0,0.0,0.0
2022-05-06,0.0,0.0,1.0,0.0,0.0
2022-05-07,0.0,0.0,1.0,0.0,0.0
2022-05-08,0.018383061760910292,0.004317807374312657,0.9560717633777581,0.021227367487019,0.0
2022-05-09,0.007747332956864735,0.0,0.9922526670431353,0.0,0.0
2022-05-10,0.02375340376327395,0.005573352250599892,0.8963502633645167,0.0717613853206149,0.002561595300994715
2022-05-11,0.014917578199934197,0.002783963955508475,0.9537222324427752,0.028576225401782066,0.0
2022-05-12,0.026814932728835283,0.010685452858648258,0.8331924615707025,0.1190772535446093,0.01022989929720431
2022-05-13,0.03377589511554602,0.014975363808767392,0.7790264852677877,0.15370739754131446,0.0185148582665844
2022-05-14,0.04279826848148773,0.010583758319270248,0.7344515661092426,0.17865910883191474,0.03350729825808472
2022-05-15,0.07914433986966693,0.018858840142657,0.6070122622925841,0.24578341323867228,0.04920114445641979
2022-05-16,0.12549974713963963,0.03273748061880875,0.5408860446187923,0.24896145785872503,0.05191526976403418
2022-05-17,0.21559103316843553,0.015620822556020882,0.4808213514258723,0.23514477505360198,0.05282201779606935
2022-05-18,0.2965837843953136,0.01476184204864723,0.49036108976373366,0.14710362859708903,0.051189655195216545
2022-05-19,0.6507724284590916,0.005928508072511059,0.2347565577161647,0.08481911081740076,0.023723394934831967
2022-05-20,0.7775771298175804,0.0,0.18453123272417876,0.03413600835891546,0.0037556290993253382
2022-05-21,0.7942627060598303,0.0,0.1990106676888289,0.006726626251340869,0.0
2022-05-22,0.8782060080699117,0.0,0.12179399193008836,0.0,0.0
2022-05-23,0.9305806475394169,0.0,0.06941935246058309,0.0,0.0
2022-05-24,0.9260395173286914,0.0,0.07396048267130859,0.0,0.0
2022-05-25,1.0,0.0,0.0,0.0,0.0
2022-05-26,1.0,0.0,0.0,0.0,0.0
2022-05-27,1.0,0.0,0.0,0.0,0.0
2022-05-28,0.6617430022432549,0.003856169748977775,0.2243835030235338,0.09852610462534742,0.011491220358886103
2022-05-29,0.2768167039066429,0.013561515543366244,0.3937748625466734,0.28172554190192406,0.03412137610139342
2022-05-30,0.15023687512842138,0.020787636211733795,0.4219868108550503,0.3576015266698567,0.04938715113493799
2022-05-31,0.06259080180850998,0.02109754774820237,0.5023152831511598,0.37178114473173085,0.04221522256039693
2022-06-01,0.057253030570598246,0.019844483579701477,0.5067462366699439,0.37721053513014047,0.03894571404961578
2022-06-02,0.07402809422252676,0.016688619173413258,0.5710731023167193,0.31100904604509033,0.027201138242250553
2022-06-03,0.08696024858188832,0.02166531059064128,0.4552185097480006,0.39586703120217703,0.040288899877292686
2022-06-04,0.07825768649240657,0.02144783999201416,0.4459891270710493,0.41582356979166996,0.03848177665285985
2022-06-05,0.08140458766505362,0.017992540188492855,0.37912280421174294,0.48814296970917137,0.0333370982255393
2022-06-06,0.09590823120181315,0.016595422495179153,0.33700298542410884,0.5134385222585593,0.03705483862033957
2022-06-07,0.11019829459251006,0.015190476861421776,0.35362723081384445,0.48928165844181243,0.03170233929041139
2022-06-08,0.18625503741988925,0.014409753629847664,0.32140681547407934,0.44717497261429595,0.030753420861887704
2022-06-09,0.2289821447553259,0.009334299156976353,0.32653965112843003,0.4130045012741152,0.02213940368515265
2022-06-10,0.28418312949618746,0.008815434675445086,0.29416543137284956,0.3944314385108964,0.018404565944621514
2022-06-11,0.41501201059894716,0.007747726210358394,0.2123557514056761,0.3480922746227847,0.01679223716223367
2022-06-12,0.4950379745147091,0.00520153169321424,0.16484824622111996,0.328243581697476,0.006668665873480757
2022-06-13,0.5627061951403869,0.0,0.13476171981858856,0.30253208504102463,0.0
2022-06-14,0.4228047005989103,0.0,0.22815345688310673,0.3490418425179829,0.0
2022-06-15,0.47116264343468856,0.0010171861888023746,0.23514285349969768,0.28753944903326595,0.0051378678435454374
2022-06-16,0.5091940708102736,0.0,0.23464995876875538,0.2561559704209711,0.0
2022-06-17,0.5383878217046326,0.0,0.14939618206439734,0.30517222052834664,0.0070437757026234485
2022-06-18,0.39223851560987916,0.00632748803131554,0.18274698329913752,0.38657184353168983,0.03211516952797781
2022-06-19,0.44910590508799775,0.0031768539336402522,0.16351951901950487,0.36697963825409075,0.017218083704766338
2022-06-20,0.38592233465107745,0.0011513605012149607,0.11854391635115494,0.4784224809096099,0.015959907586942736
2022-06-21,0.20661783587772792,0.002328130511395299,0.13342447776671454,0.6177742029732954,0.03985535287086687
2022-06-22,0.13113909504465232,0.0,0.1779301565736518,0.666583028117885,0.024347720263810928
2022-06-23,0.12438441008533267,0.0,0.11503388341554716,0.7320810632800528,0.028500643219067343
2022-06-24,0.1292084316749697,0.0,0.1065618523877928,0.7391809955045321,0.025048720432705434
2022-06-25,0.11881196954217366,0.0,0.09544417142959914,0.7671747781728802,0.018569080855346996
2022-06-26,0.10047427147364314,0.0,0.014517192445679476,0.882769689167189,0.0022388469134882235
2022-06-27,0.07919618266222776,0.0,0.0,0.9208038173377723,0.0
2022-06-28,0.06468826390037888,0.0,0.0,0.9353117360996211,0.0
2022-06-29,0.033593031922966005,0.0,0.0,0.9664069680770341,0.0
2022-06-30,0.027747092280359834,0.0,0.0,0.9722529077196401,0.0
2022-07-01,0.02122339459011653,0.0,0.0,0.9787766054098834,0.0
2022-07-02,0.013137148556923217,0.0,0.0,0.9868628514430768,0.0
2022-07-03,0.0,0.0,0.0,1.0,0.0
2022-07-04,0.0,0.0,0.0,1.0,0.0
2022-07-05,0.0,0.0,0.0,1.0,0.0
2022-07-06,0.0,0.0,0.0,1.0,0.0
2022-07-07,0.0,0.0,0.0,1.0,0.0
2022-07-08,0.0,0.0,0.0,1.0,0.0
2022-07-09,0.0,0.0,0.0,1.0,0.0
2022-07-10,0.0,0.0,0.0,1.0,0.0
2022-07-11,0.0,0.0,0.0,1.0,0.0
2022-07-12,0.0,0.0,0.0,1.0,0.0
2022-07-13,0.0,0.0,0.0,1.0,0.0
2022-07-14,0.0,0.0,0.0,1.0,0.0
2022-07-15,0.0,0.0,0.0,1.0,0.0
2022-07-16,0.0,0.0,0.0,1.0,0.0
2022-07-17,0.0,0.0,0.0,1.0,0.0
2022-07-18,0.0,0.0,0.0,1.0,0.0
2022-07-19,0.0,0.0,0.0,1.0,0.0
2022-07-20,0.0,0.0,0.0,1.0,0.0
2022-07-21,0.003587671820784011,0.0,0.0,0.996412328179216,0.0
2022-07-22,0.0,0.0,0.0,1.0,0.0
2022-07-23,0.0,0.0,0.051003572878478204,0.9489964271215219,0.0
2022-07-24,0.0,0.0,0.029264788884093187,0.9707352111159068,0.0
2022-07-25,0.0,0.0,0.0,1.0,0.0
2022-07-26,0.0,0.0,0.032811119392430727,0.9671888806075692,0.0
2022-07-27,0.0,0.0,0.0,1.0,0.0
2022-07-28,0.0,0.0,0.03882463053557299,0.961175369464427,0.0
2022-07-29,0.0,0.0,0.09051662047411921,0.9094833795258808,0.0
2022-07-30,0.0,0.0,0.1715602401305859,0.828439759869414,0.0
2022-07-31,0.0,0.0,0.1744765942921248,0.8255234057078751,0.0
2022-08-01,0.0,0.0,0.18372438021513693,0.8162756197848632,0.0
2022-08-02,0.0,0.0,0.16318392475778395,0.8368160752422161,0.0
2022-08-03,0.0,0.0,0.18486304579835092,0.815136954201649,0.0
2022-08-04,0.0,0.0,0.1837986441116637,0.8162013558883363,0.0
2022-08-05,0.0,0.0,0.30087383892307007,0.69912616107693,0.0
2022-08-06,0.0,0.0,0.3622794531477719,0.6377205468522282,0.0
2022-08-07,0.0,0.0,0.37933353956870863,0.6206664604312911,0.0
2022-08-08,0.0,0.0,0.3239719477872515,0.6760280522127485,0.0
2022-08-09,0.0,0.0,0.28336744434174177,0.7166325556582582,0.0
2022-08-10,0.0,0.0,0.2310801808723778,0.7689198191276222,0.0
2022-08-11,0.0,0.0,0.23553613115229372,0.7644638688477062,0.0
2022-08-12,0.0033517971273986993,0.0,0.16150385368984738,0.835144349182754,0.0
2022-08-13,0.01233898670996756,0.0,0.15973775709707438,0.8279232561929581,0.0
2022-08-14,0.03415755874248009,0.0061108865902705055,0.15879218822566815,0.7959982857683927,0.004941080673188748
2022-08-15,0.04067166635068854,0.008444767583010188,0.12607059322092565,0.8117133369017073,0.01309963594366835
2022-08-16,0.02647763220548299,0.002041966508787775,0.1335865102157627,0.8378938910699667,0.0
2022-08-17,0.031754925542919844,0.0035211213197314864,0.10704927205420282,0.8576746810831456,0.0
2022-08-18,0.05088663789892646,0.012174548278400574,0.08743556759376805,0.8281605682499098,0.021342677978995583
2022-08-19,0.031099954711688575,0.005773433631364483,0.08188558027310253,0.8774440615634197,0.0037969698204245173
2022-08-20,0.02934394512240758,0.00407408174704383,0.07933728310330208,0.8872446900272467,0.0
2022-08-21,0.04554984637734776,0.011338424112725141,0.06211482947478871,0.8618274765801296,0.01916942345500873
2022-08-22,0.053814614637230085,0.014493574928499599,0.03685509366335582,0.8669239788838321,0.027912737887082477
2022-08-23,0.05726849165927531,0.015966747478657423,0.02156422105027831,0.872520458736909,0.032680081074879914
2022-08-24,0.06149783950889203,0.01746492307889308,0.027355645745109965,0.8582386393067821,0.03544295236032282
2022-08-25,0.0687376831696172,0.019826754501951024,0.03805451194821532,0.8313544116204412,0.04202663875977504
2022-08-26,0.04454757954980624,0.010897231441267988,0.07161954107575356,0.8560532721106737,0.016882375822498144
2022-08-27,0.03574083377067555,0.007391547895819847,0.04492175553095833,0.9033144903275129,0.00863137247503383
2022-08-28,0.05827868655162015,0.01746717475511332,0.04593539826997466,0.8438326560636769,0.03448608435961506
2022-08-29,0.0597217251957149,0.017173384191514984,0.05879837761291146,0.8302330290975724,0.034073483902286046
2022-08-30,0.0473122206433026,0.012719201802607515,0.04930516344619281,0.8683541043432038,0.022309309764693225
2022-08-31,0.005499550761499662,0.0,0.03607245201498184,0.9584279972235186,0.0
2022-09-01,0.00066244371056038,0.0,0.09191987444760413,0.9074176818418357,0.0
2022-09-02,0.0,0.0,0.14104677828577278,0.8589532217142273,0.0
2022-09-03,0.0,0.0,0.08457474693023027,0.9154252530697696,0.0
2022-09-04,0.0,0.0,0.059820595834704185,0.9401794041652958,0.0
2022-09-05,0.0,0.0,0.06009994164519315,0.9399000583548067,0.0
2022-09-06,0.0,0.0,0.10064579740565947,0.8993542025943404,0.0
2022-09-07,0.0,0.0,0.06621561920466121,0.9337843807953388,0.0
2022-09-08,0.0,0.0,0.031666466311600014,0.9683335336883998,0.0
2022-09-09,0.0,0.0,0.06310377675369584,0.9368962232463043,0.0
2022-09-10,0.0,0.0,0.03204723018015322,0.967952769819847,0.0
2022-09-11,0.0,0.0,0.009788584727680849,0.9902114152723192,0.0
2022-09-12,0.0,0.0,0.0,1.0,0.0
2022-09-13,0.0,0.0,0.0,1.0,0.0
2022-09-14,0.0,0.0,0.0,1.0,0.0
2022-09-15,0.0,0.0,0.0,1.0,0.0
2022-09-16,0.0,0.0,0.0,1.0,0.0
2022-09-17,0.0,0.0,0.0,1.0,0.0
2022-09-18,0.0,0.0,0.0,1.0,0.0
2022-09-19,0.0,0.0,0.0,1.0,0.0
2022-09-20,0.0,0.0,0.0,1.0,0.0
2022-09-21,0.0,0.0,0.0,1.0,0.0
2022-09-22,0.0,0.0,0.0,1.0,0.0
2022-09-23,0.0,0.0,0.0,1.0,0.0
2022-09-24,0.0,0.0,0.0,1.0,0.0
2022-09-25,0.0,0.0,0.0,1.0,0.0
2022-09-26,0.0,0.0,0.0,1.0,0.0
2022-09-27,0.0,0.0,0.0,1.0,0.0
2022-09-28,0.0,0.000416219649755044,0.0,0.999583780350245,0.0
2022-09-29,0.0,0.0,0.0,1.0,0.0
2022-09-30,0.0,0.0,0.0,1.0,0.0
2022-10-01,0.0,0.0,0.0,1.0,0.0
2022-10-02,0.0,0.0,0.0,1.0,0.0
2022-10-03,0.0,0.0,0.0,1.0,0.0
2022-10-04,0.0,0.0,0.0,1.0,0.0
2022-10-05,0.0,0.0,0.0,1.0,0.0
2022-10-06,0.0,0.0,0.0,1.0,0.0
2022-10-07,0.0,0.0,0.0,1.0,0.0
2022-10-08,0.0,0.0,0.06575243004527731,0.9342475699547227,0.0
2022-10-09,0.0,0.0,0.07865249917974906,0.9213475008202511,0.0
2022-10-10,0.0,0.0,0.11370620675904891,0.88067916017335,0.005614633067600978
2022-10-11,0.0,0.0004772240816817777,0.16535435437811216,0.8251809883162812,0.00898743322392471
2022-10-12,0.0,0.002264829937458461,0.16160909424948666,0.8182636062832224,0.017862469529832607
2022-10-13,0.0,0.0,0.24829693431034927,0.740382470862593,0.011320594827057908
2022-10-14,0.0,0.0002864588944384086,0.28143986448662117,0.7092481696667984,0.009025506952142201
2022-10-15,0.0,0.0,0.4332625939601835,0.5667374060398165,0.0
2022-10-16,0.0,0.0,0.539803863084003,0.4601961369159971,0.0
2022-10-17,0.0,0.0,0.643888474339176,0.35611152566082394,0.0
2022-10-18,0.0,0.0,0.587994754018218,0.4120052459817819,0.0
2022-10-19,0.0,0.0,0.609745104069786,0.3902548959302142,0.0
2022-10-20,0.0,0.0,0.5675160454213003,0.43248395457869937,0.0
2022-10-21,0.0,0.0,0.7449016155592753,0.25509838444072463,0.0
2022-10-22,0.0,0.0,0.735878871864574,0.264121128135426,0.0
2022-10-23,0.0,0.0,0.7194374191133823,0.2805625808866175,0.0
2022-10-24,0.0,0.0,0.6883771360031179,0.3116228639968823,0.0
2022-10-25,0.0,0.0,0.6736163250936342,0.32638367490636594,0.0
2022-10-26,0.0,0.0,0.8619501875714588,0.13804981242854106,0.0
2022-10-27,0.0,0.0,0.9154894396547559,0.08451056034524412,0.0
2022-10-28,0.0,0.0,0.9432549283802172,0.056745071619782775,0.0
2022-10-29,0.0,0.0,0.8146690464007739,0.18533095359922624,0.0
2022-10-30,0.0,0.0,0.7396884917000844,0.26031150829991534,0.0
2022-10-31,0.0,0.0,0.7137822455187894,0.2862177544812104,0.0
2022-11-01,0.24107665685432594,0.22382237136430316,0.33552742147833,0.19684386483518096,0.0027296854678599027
2022-11-02,0.24414875895757762,0.31254401457426273,0.2562196437445348,0.18109985587331043,0.005987726850314384
2022-11-03,0.19133638852051524,0.37361478268244314,0.1889873810386176,0.23469097376083428,0.011370473997589689
2022-11-04,0.14550025223595225,0.42989926758404273,0.20396498038818633,0.21090144611522896,0.009734053676589837
2022-11-05,0.1002744959269812,0.5161157721820232,0.17866751198867994,0.19359029389141383,0.011351926010901939
2022-11-06,0.05718096951975543,0.6011433877148357,0.16458173578753216,0.1673109836373456,0.009782923340531104
2022-11-07,0.034494124600512155,0.6686074081001161,0.14112590659659324,0.14504641546646801,0.010726145236310488
2022-11-08,0.01660485668800076,0.7099963658539653,0.1516813501448469,0.11474566461826957,0.006971762694917482
2022-11-09,0.009825185959982888,0.7691759483697002,0.11455957541982228,0.09956355510077282,0.006875735149721806
2022-11-10,0.0069228865371703235,0.7971434424794315,0.1065707277589361,0.08283532861332768,0.006527614611134389
2022-11-11,0.006610260754674358,0.8353986041366406,0.07963719452228571,0.06996837743629974,0.00838556315009966
2022-11-12,0.004714851889263586,0.8611522975253842,0.0698909334068728,0.05823399561665142,0.00600792156182798
2022-11-13,0.0039115224549785155,0.8950258926907818,0.04637415641485146,0.048155702734384825,0.0065327257050031996
2022-11-14,0.003490327722342459,0.8922553848699298,0.04629596035807776,0.051311185252473315,0.006647141797176718
2022-11-15,0.003056709036262332,0.9053539707613195,0.04164695997909505,0.0420929629336696,0.007849397289653419
2022-11-16,0.002474511176057327,0.9294995078924382,0.03584230772379102,0.02781069730880459,0.004372975898908783
2022-11-17,0.0015288027494584997,0.9462091994930256,0.02510054021619766,0.02404668233652756,0.0031147752047905957
2022-11-18,0.000652602792292631,0.9559177988737869,0.020605575248603368,0.018904119510684412,0.003919903574632631
2022-11-19,0.00043150035520966943,0.9680365086886897,0.015870246765403488,0.013652671969415895,0.0020090722212814304
2022-11-20,0.0,0.9745080884274545,0.014316947605452181,0.006895974782455532,0.004278989184637745
2022-11-21,0.0,0.9849642762336515,0.011228457456813999,0.0014895184417124984,0.0023177478678221156
2022-11-22,0.0,0.990726044000383,0.0072537241209773475,0.0,0.0020202318786394914
2022-11-23,0.0,0.988104032771165,0.01123664781798112,0.0,0.0006593194108538434
2022-11-24,0.0,0.991041559392262,0.008958440607738004,0.0,0.0
2022-11-29,0.0,1.0,0.0,0.0,0.0
2022-12-01,0.0,1.0,0.0,0.0,0.0
2022-12-02,0.0,1.0,0.0,0.0,0.0
2022-12-03,0.0,1.0,0.0,0.0,0.0
2022-12-04,0.0,1.0,0.0,0.0,0.0
2022-12-05,0.0,1.0,0.0,0.0,0.0
2022-12-06,0.0,1.0,0.0,0.0,0.0
2022-12-07,0.0,1.0,0.0,0.0,0.0
2022-12-08,0.0,1.0,0.0,0.0,0.0
2022-12-09,0.0,1.0,0.0,0.0,0.0
2022-12-10,0.00012647811372897,0.0,0.4709840456843171,0.09929351083028098,0.4295959653716729
2022-12-13,0.0,1.0,0.0,0.0,0.0
2022-12-14,0.0,1.0,0.0,0.0,0.0
2022-12-15,0.0,1.0,0.0,0.0,0.0
2022-12-16,0.0,1.0,0.0,0.0,0.0
2022-12-17,0.0,1.0,0.0,0.0,0.0
2022-12-18,0.0,1.0,0.0,0.0,0.0
2022-12-19,0.0,1.0,0.0,0.0,0.0
2022-12-20,0.0,1.0,0.0,0.0,0.0
2022-12-22,0.0,1.0,0.0,0.0,0.0
2022-12-23,0.0,1.0,0.0,0.0,0.0
2022-12-24,0.0,1.0,0.0,0.0,0.0
2022-12-25,0.0,1.0,0.0,0.0,0.0
2022-12-26,0.0,1.0,0.0,0.0,0.0
2022-12-27,0.0,1.0,0.0,0.0,0.0
2022-12-28,0.0,1.0,0.0,0.0,0.0
2022-12-29,0.0,1.0,0.0,0.0,0.0
2022-12-30,0.0,1.0,0.0,0.0,0.0
2022-12-31,0.0,1.0,0.0,0.0,0.0
2023-01-01,0.0,1.0,0.0,0.0,0.0
2023-01-02,0.0,1.0,0.0,0.0,0.0
2023-01-03,0.0,1.0,0.0,0.0,0.0
2023-01-04,0.0,1.0,0.0,0.0,0.0
2023-01-05,0.0,1.0,0.0,0.0,0.0
2023-01-06,0.0,1.0,0.0,0.0,0.0
2023-01-07,0.0,1.0,0.0,0.0,0.0
2023-01-08,0.0,1.0,0.0,0.0,0.0
2023-01-09,0.0,1.0,0.0,0.0,0.0
2023-01-10,0.0,1.0,0.0,0.0,0.0
2023-01-11,0.0,1.0,0.0,0.0,0.0
2023-01-12,0.0,1.0,0.0,0.0,0.0
2023-01-13,0.0,1.0,0.0,0.0,0.0
2023-01-14,0.0,1.0,0.0,0.0,0.0
2023-01-15,0.0,1.0,0.0,0.0,0.0
2023-01-16,0.0,1.0,0.0,0.0,0.0
2023-01-17,0.0,1.0,0.0,0.0,0.0
2023-01-18,0.0,1.0,0.0,0.0,0.0
2023-01-19,0.0,1.0,0.0,0.0,0.0
2023-01-20,0.0,1.0,0.0,0.0,0.0
2023-01-21,0.0,1.0,0.0,0.0,0.0
2023-01-22,0.0,1.0,0.0,0.0,0.0
2023-01-23,0.0,1.0,0.0,0.0,0.0
2023-01-24,0.0,1.0,0.0,0.0,0.0
2023-01-25,0.0,1.0,0.0,0.0,0.0
2023-01-26,0.0,1.0,0.0,0.0,0.0
2023-01-27,0.0,1.0,0.0,0.0,0.0
2023-01-28,0.0,1.0,0.0,0.0,0.0
2023-01-29,0.0,1.0,0.0,0.0,0.0
2023-01-30,0.0,1.0,0.0,0.0,0.0
2023-01-31,0.0,1.0,0.0,0.0,0.0
2023-02-01,0.0,1.0,0.0,0.0,0.0
2023-02-02,0.0,1.0,0.0,0.0,0.0
2023-02-03,0.0,1.0,0.0,0.0,0.0
2023-02-04,0.0,1.0,0.0,0.0,0.0
2023-02-05,0.0,1.0,0.0,0.0,0.0
2023-02-06,0.0,1.0,0.0,0.0,0.0
2023-02-07,0.0,1.0,0.0,0.0,0.0
2023-02-08,0.0,1.0,0.0,0.0,0.0
2023-02-11,0.00028747047238074754,0.9924591785561812,0.007026628237480225,0.0002267227339581017,0.0
2023-02-12,0.0003620359595815541,0.9883889185949231,0.011085793379408999,0.00016325206608643582,0.0
2023-02-13,0.00029364932250372337,0.9875621522515885,0.012144198425907877,0.0,0.0
2023-02-14,0.0,0.9909238400839394,0.009076159916060571,0.0,0.0
2023-02-15,0.00046124848346578134,0.9811120171031422,0.017424912352138,0.001001822061253885,0.0
2023-02-18,0.0,0.9273676794967338,0.07263232050326618,0.0,0.0
2023-02-19,0.0,0.8993389070361492,0.10066109296385084,0.0,0.0
2023-02-21,0.0,0.7860098477209928,0.21399015227900722,0.0,0.0
2023-02-22,0.0,0.6858942050878285,0.31410579491217155,0.0,0.0
2023-02-23,0.0,0.47317941141696007,0.5268205885830399,0.0,0.0
2023-02-24,0.0,0.30582008670460953,0.6941799132953903,0.0,0.0
2023-02-25,0.0,0.75337585978124,0.24662414021876022,0.0,0.0
2023-02-26,0.0,0.862028910057869,0.137971089942131,0.0,0.0
2023-02-27,0.0,0.7948246523684633,0.20517534763153675,0.0,0.0
2023-02-28,0.0,0.7878243964752729,0.21217560352472725,0.0,0.0
2023-03-01,0.0,0.7876498025912286,0.21235019740877148,0.0,0.0
2023-03-02,0.0,0.7384459501546108,0.26155404984538905,0.0,0.0
2023-03-03,0.0,0.7677424175939193,0.23225758240608096,0.0,0.0
2023-03-04,0.0,0.5747593346723852,0.4252406653276152,0.0,0.0
2023-03-05,0.0,0.7016466352879732,0.298353364712027,0.0,0.0
2023-03-06,0.0,0.6232678178653336,0.37673218213466636,0.0,0.0
2023-03-07,0.0,0.709564725312065,0.290435274687935,0.0,0.0
2023-03-08,0.0,0.7459842013185919,0.25031888451031903,0.0,0.0036969141710891883
2023-03-09,0.0,0.7151364647611159,0.2848635352388842,0.0,0.0
2023-03-10,0.0,0.6665501827330395,0.3334498172669606,0.0,0.0
2023-03-11,0.0,0.5791379519936131,0.4208620480063867,0.0,0.0
2023-03-12,0.0,0.5723700279628035,0.4276299720371966,0.0,0.0
2023-03-13,0.0,0.574629445922803,0.4240640309981185,0.0,0.0013065230790785115
2023-03-14,0.0,0.4032529650648395,0.5967470349351605,0.0,0.0
2023-03-15,0.0,0.6132232386878999,0.38677676131210004,0.0,0.0
2023-03-16,0.0,0.5923411520863117,0.4034437009674097,0.0,0.004215146946278428
2023-03-17,0.0,0.45182590507428677,0.5446477789183214,0.0,0.003526316007391896
2023-03-18,0.0,0.21029849847424786,0.7897015015257521,0.0,0.0
2023-03-19,0.0,0.1794321849564217,0.8205678150435785,0.0,0.0
2023-03-20,0.0,0.0050141720004954204,0.9949858279995045,0.0,0.0
2023-03-21,0.0,0.1303376297583204,0.7933158822355162,0.06926891356492228,0.0070775744412411344
2023-03-22,0.0,0.0512452288019424,0.9487547711980577,0.0,0.0
2023-03-23,0.0,0.06830310357941433,0.9316968964205856,0.0,0.0
2023-03-24,0.0,0.0963068190483996,0.8564342597794606,0.047258921172139666,0.0
2023-03-25,0.0,0.42463035184454095,0.575369648155459,0.0,0.0
2023-03-26,0.0,0.07020434444307111,0.9297956555569288,0.0,0.0
2023-03-27,0.0,0.3835522860019767,0.6164477139980233,0.0,0.0
2023-03-28,0.0,0.4168309200612544,0.5681605979257225,0.007255983789617395,0.007752498223405716
2023-03-29,0.0,0.054068953362683234,0.9459310466373168,0.0,0.0
2023-03-30,0.0,0.03082622564776348,0.9691737743522367,0.0,0.0
2023-03-31,0.0,0.05420815827719054,0.9457918417228096,0.0,0.0
2023-04-04,0.0032737156296038673,0.09246408460046188,0.7664238516383841,0.09319827489539553,0.04464007323615471
2023-04-05,0.004943487635377275,0.033976773088649784,0.8286578436283383,0.07278935222415163,0.05963254342348316
2023-04-06,0.002440767712796072,0.008965749029482186,0.8929765989199419,0.031870477747915404,0.06374640658986447
2023-04-07,0.000352531052146496,0.004203087715125793,0.9083168146552495,0.037032209142937214,0.05009535743454119
2023-04-08,0.0031190281725305058,0.00013397581058412385,0.9016249461176999,0.04562460760492482,0.04949744229426067
2023-04-09,0.005202337039103654,0.0,0.878563932607716,0.07489542668615055,0.04133830366702983
2023-04-10,0.01461703966391708,0.006478446072892507,0.7348135776762198,0.17337874381530838,0.0707121927716621
2023-04-11,0.006568285709262338,0.023224957488426144,0.7302886623044904,0.19137552648327966,0.048542568014541425
2023-04-12,0.012334387135489145,0.007003346468014447,0.8158426322555157,0.11501410683674694,0.0498055273042336
2023-04-13,0.017493566605839925,0.020467892016859748,0.7057439897395835,0.20507003399247128,0.05122451764524554
2023-04-14,0.02141961099840834,0.008499109747781355,0.7620590896258823,0.12334534231793033,0.08467684730999796
2023-04-15,0.02349901489619946,0.011705214995286248,0.7711722422295166,0.09814280591933536,0.09548072195966241
2023-04-16,0.029170262937683496,0.011379897763486371,0.7699086450431312,0.10448608408547316,0.08505511017022593
2023-04-17,0.03660909126118099,0.015709608125531974,0.6930648863342602,0.17024744816681786,0.08436896611220894
2023-04-18,0.04128245618778946,0.01908686471979268,0.6143494606268893,0.22971206090429688,0.09556915756123141
2023-04-19,0.042296093971849885,0.021441684160422997,0.5600707234625217,0.27414251331080597,0.10204898509439941
2023-04-20,0.04564627647070122,0.023206772501230044,0.5067564746544727,0.3280041974931085,0.09638627888048759
2023-04-21,0.04487421305298023,0.024588777053397168,0.5805175379696881,0.26066906362925313,0.08935040829468129
2023-04-22,0.04626887997760277,0.023409179927113513,0.5658583468623826,0.2731621698611906,0.09130142337171036
2023-04-23,0.043955471140589085,0.01935531144276556,0.612721591526714,0.2483099389146155,0.07565768697531579
2023-04-24,0.044078238330378786,0.03617088284046116,0.4648882155651474,0.3742253491233395,0.08063731414067332
2023-04-25,0.041856017166769455,0.02887057123854568,0.5411712299200253,0.3054195763012713,0.08268260537338795
2023-04-26,0.04777743735544554,0.025517367507528296,0.5394098483680693,0.2999866623250747,0.08730868444388225
2023-04-27,0.044696317946962494,0.02192845672697631,0.5578929865675054,0.29415723884384415,0.08132499991471158
2023-04-28,0.04158714521488873,0.02231802731283611,0.566984096902647,0.2879527662638758,0.08115796430575246
2023-04-29,0.026458383553270334,0.01786610927540503,0.7346166912178026,0.16591195376873275,0.055146862184789494
2023-04-30,0.03462750023416854,0.024996580667907657,0.6410754155177601,0.23704361234814064,0.062256891232023236
2023-05-01,0.03906074007774104,0.023987760209219187,0.6237677617986626,0.24530474324656804,0.06787899466780938
2023-05-02,0.03084884239230666,0.021793709262419754,0.6929355275905106,0.1923480954492255,0.06207382530553766
2023-05-03,0.026647721524151853,0.035103276343280816,0.6814787421561291,0.20189137544233685,0.05487888453410154
2023-05-04,0.02725253834207935,0.03576970455723321,0.5823985558971748,0.26159531160374744,0.09298388959976539
2023-05-05,0.02528447798259681,0.030292770975599244,0.6108362324434641,0.2558240019184338,0.07776251667990619
2023-05-06,0.018207908007643755,0.024592127610386,0.6541035018087613,0.2172807461580467,0.08581571641516218
2023-05-07,0.0070615984437738255,0.018419429449690904,0.7649650093711902,0.17431943603367106,0.03523452670167392
2023-05-08,0.010171478389264226,0.01302750529083935,0.6367579779105668,0.2827500516939005,0.05729298671542926
2023-05-09,0.012839013253165905,0.017576195902541416,0.5637491057246093,0.3416768268847921,0.06415885823489112
2023-05-10,0.019051980429242624,0.028726164034310595,0.5630547308678348,0.31099450810551343,0.07817261656309851
2023-05-11,0.01866758336178413,0.03312745903297379,0.5930922832986505,0.2787643266200644,0.07634834768652708
2023-05-12,0.01791540757784551,0.050665786810457435,0.5996154062194535,0.24136156108001267,0.09044183831223093
2023-05-13,0.023194015430285042,0.05292508973320143,0.5877410205805131,0.26428733576557206,0.07185253849042816
2023-05-14,0.02304475779913618,0.06319108779235957,0.5917683539074419,0.23957849675362766,0.08241730374743464
2023-05-15,0.02204393477412373,0.05585477107992214,0.6173188154067474,0.230745894601114,0.07403658413809255
2023-05-16,0.024467469094239094,0.062022148560565496,0.6127081532811417,0.23600448228065268,0.06479774678340108
2023-05-17,0.021348079604212852,0.060367588342525154,0.6258388134172639,0.22432995410891868,0.06811556452707948
2023-05-18,0.026179343233074782,0.06947733560097474,0.5823510124964087,0.24343421950503835,0.07855808916450321
2023-05-19,0.024396156089861593,0.07836359661989699,0.65550927128858,0.1820010514982658,0.05972992450339561
2023-05-20,0.019486451763250697,0.0723743137535188,0.6612716262509075,0.19127557673871518,0.05559203149360777
2023-05-21,0.02626910542710057,0.07142816468739352,0.5699084305889031,0.2542773506403975,0.07811694865620519
2023-05-22,0.03015397638324674,0.06802367316158678,0.5423442517913543,0.2749850685577485,0.08449303010606365
2023-05-23,0.03544162813634318,0.049327179375606024,0.5753441579832006,0.2546923156328994,0.08519471887195114
2023-05-24,0.0031018829691660376,0.0285838449312909,0.8587665032391499,0.09321603639607405,0.016331732464319033
2023-05-25,0.03571687879516732,0.015683685870556956,0.8163593731840046,0.09723482473026542,0.035005237420005685
2023-05-26,0.03121185290152806,0.0178188442370759,0.749987972747048,0.1535986619849933,0.047382668129354745
2023-05-27,0.03894749293750698,0.017338350003162535,0.6882099324280075,0.20237206570572658,0.05313215892559656
2023-05-28,0.10286126038400822,0.009159674457070395,0.6338412494041372,0.188457657488125,0.06568015826665913
2023-05-29,0.15566523617153608,0.004638155464733302,0.64794819908969,0.14416394367768862,0.04758446559635201
2023-05-30,0.10448045338975882,0.002386876313023747,0.6649195751323669,0.1725926644173722,0.055620430747478446
2023-05-31,0.11363251775991896,0.0,0.5677988869545302,0.26642381282106375,0.052144782464487116
2023-06-01,0.04378505673226368,0.0,0.4181366791516323,0.5112609532333717,0.026817310882732388
2023-06-02,0.8699338961391877,0.0,0.10842878319719164,0.01235312875384319,0.009284191909777542
2023-06-03,0.7275464544316409,0.0,0.15741576998976162,0.09499881345771587,0.02003896212088161
2023-06-04,0.8009804155062147,0.0,0.06903898913248845,0.10675673319794056,0.023223862163356354
2023-06-05,0.6131118108420691,0.0,0.08730110983124517,0.2615566286532697,0.03803045067341609
2023-06-06,0.3595214583409289,0.0,0.11711328329153488,0.46897511857808616,0.054390139789450134
2023-06-07,0.24353363843322742,0.0,0.0838667033685558,0.6086408606253834,0.0639587975728335
2023-06-08,0.23900675868100732,0.0008493469997892626,0.0694190752566195,0.6053288175280103,0.0853960015345737
2023-06-09,0.22881680801669316,0.0,0.07108826581207087,0.639752847912756,0.060342078258479995
2023-06-10,0.17196875583667418,0.01641824416760392,0.03030519290045466,0.7118758601192792,0.069431946975988
2023-06-11,0.10792888355636532,0.010325750824557611,0.0,0.8476768556490124,0.034068509970064456
2023-06-12,0.12250993368509203,0.036384026282042674,0.15232374362414336,0.6157220876621909,0.07306020874653088
2023-06-13,0.15448396067293343,0.04711243428881577,0.18085890681508937,0.5300633904390034,0.08748130778415796
2023-06-14,0.16913142460516797,0.052010841327843296,0.2063992721072321,0.49431495706438117,0.07814350489537543
2023-06-15,0.18550794329318349,0.05550112993436107,0.23546599954097638,0.46864681433353633,0.05487811289794267
2023-06-16,0.17305489731961202,0.04946356244674864,0.2451358521499169,0.4818684322153107,0.050477255868411716
2023-06-17,0.21993817364885207,0.040518815373549094,0.23965868582246821,0.4612148033762551,0.038669521778875504
2023-06-18,0.20723470469680144,0.03223746330664819,0.33411492783211477,0.3931260347534083,0.03328686941102724
2023-06-19,0.17490043790623178,0.02515719725387663,0.38336296899321465,0.4015515285065746,0.01502786734010226
2023-06-20,0.19647525555940326,0.05794485900332085,0.30917274351918705,0.42005307083206733,0.01635407108602152
2023-06-21,0.21013832920314457,0.06137224721642168,0.22452618139537864,0.47499236663349853,0.028970875551556766
2023-06-22,0.2318416755714699,0.0883114514644825,0.15723010167627133,0.49913156700984107,0.023485204277935084
2023-06-23,0.24254348428322298,0.05762675990042235,0.17259682607871843,0.5128199518759812,0.014412977861655114
2023-06-24,0.28863991675559836,0.032231162891454335,0.17208057571833865,0.5043182681970131,0.0027300764375954713
2023-06-25,0.37720889833268306,0.010070669100796882,0.11601047059897142,0.4967099619675486,0.0
2023-06-26,0.44690888906131154,0.008882572599678649,0.06089264674092975,0.4820897725373219,0.0012261190607581254
2023-06-27,0.49759476527065916,0.005716050312919191,0.02252359267878485,0.47292488399989707,0.0012407077377397276
2023-06-28,0.6400777955390191,0.0,0.0,0.3599222044609808,0.0
2023-06-29,0.8006420812439506,0.0,0.0,0.19935791875604933,0.0
2023-06-30,0.9044012160657994,0.0,0.0,0.0955987839342006,0.0
2023-07-01,0.9235474886844924,0.0,0.0,0.07645251131550759,0.0
2023-07-02,0.9326104207778865,0.0,0.0,0.06738957922211354,0.0
2023-07-03,0.9359510530684843,0.0,0.0,0.0640489469315158,0.0
2023-07-04,0.9373880840121498,0.0,0.0,0.06261191598785018,0.0
2023-07-05,0.905840147775195,0.0,0.0,0.09415985222480505,0.0
2023-07-06,0.8515792187464345,0.0,0.017050996650548593,0.13136978460301688,0.0
2023-07-07,0.7521779863686806,0.0,0.03375271134076965,0.21406930229054977,0.0
2023-07-08,0.6054819655856749,0.0,0.14484502484501083,0.24967300956931426,0.0
2023-07-09,0.47206664765262374,0.0,0.17272038475023352,0.35521296759714266,0.0
2023-07-10,0.24794953172351458,0.0,0.1643340241257907,0.5877164441506947,0.0
2023-07-11,0.0991025754034175,0.0,0.1834374943375658,0.7174599302590168,0.0
2023-07-12,0.0,0.0,0.18075450411101263,0.8192454958889873,0.0
2023-07-13,0.0,0.0,0.14428284176071182,0.8557171582392883,0.0
2023-07-14,0.0,0.0,0.18459581189480329,0.8154041881051968,0.0
2023-07-15,0.0,0.0,0.21796630321653732,0.7820336967834627,0.0
2023-07-16,0.0,0.0,0.17115673000901296,0.8288432699909871,0.0
2023-07-17,0.0,0.0,0.05371045663165927,0.9462895433683409,0.0
2023-07-18,0.0,0.0,0.013308772144216593,0.9866912278557834,0.0
2023-07-19,0.0,0.0,0.0,1.0,0.0
2023-07-20,0.0,0.0,0.24380224517121318,0.7561977548287868,0.0
2023-07-21,0.0,0.0,0.3126503733676808,0.6873496266323192,0.0
2023-07-22,0.0,0.0,0.21092741364127762,0.7890725863587226,0.0
2023-07-23,0.0,0.0,0.13330249974479175,0.8666975002552082,0.0
2023-07-24,0.0,0.0,0.04707099200512793,0.952929007994872,0.0
2023-07-25,0.0,0.0,0.05394166714169879,0.9460583328583014,0.0
2023-07-26,0.0,0.0,0.008547124465212427,0.9914528755347876,0.0
2023-07-27,0.0,0.0,0.126290880021952,0.8737091199780478,0.0
2023-07-28,0.0,0.0,0.17510313843253628,0.8248968615674636,0.0
2023-07-29,0.0,0.0,0.10066708914073616,0.8993329108592638,0.0
2023-07-30,0.0,0.0,0.1319478800078731,0.8680521199921268,0.0
2023-07-31,0.0,0.0,0.14360988220496318,0.8563901177950367,0.0
2023-08-01,0.0,0.0,0.17730646866025693,0.8226935313397432,0.0
2023-08-02,0.0,0.0,0.1715947774491911,0.828405222550809,0.0
2023-08-03,0.0034047645605828555,0.0,0.1877347633327682,0.808860472106649,0.0
2023-08-04,0.016535803867595393,0.0,0.21007051007826968,0.7733936860541349,0.0
2023-08-05,0.04597274646998495,0.0,0.17402574840130067,0.7800015051287144,0.0
2023-08-06,0.06343097700303497,0.0,0.16352677161219062,0.7730422513847743,0.0
2023-08-07,0.08276452900207334,0.0,0.16753111027447853,0.749704360723448,0.0
2023-08-08,0.12934043236376638,0.0,0.15106611746018628,0.7195934501760473,0.0
2023-08-09,0.20735989631292867,0.0,0.16571401719022677,0.6269260864968446,0.0
2023-08-10,0.32573909005738344,0.0,0.07268972461736078,0.6015711853252558,0.0
2023-08-11,0.41130098985290686,0.0,0.11175655228167915,0.47694245786541406,0.0
2023-08-12,0.39064387445727783,0.0,0.10463241962698788,0.5047237059157343,0.0
2023-08-13,0.5109883161337856,0.0,0.09284855956644684,0.39616312429976763,0.0
2023-08-14,0.4147334358371144,0.0,0.10626904705407599,0.47899751710880967,0.0
2023-08-15,0.35354706568809174,0.0,0.1307403798881418,0.5157125544237664,0.0
2023-08-16,0.2661709387425961,0.0,0.09193050884541441,0.6418985524119895,0.0
2023-08-17,0.22469742791084066,0.0,0.10688563294204728,0.6684169391471121,0.0
2023-08-18,0.102673498554641,0.0,0.16900776457685981,0.7283187368684991,0.0
2023-08-19,0.038103957172168405,0.0,0.11488866366537917,0.8470073791624525,0.0
2023-08-20,0.0,0.0,0.09167541178695644,0.9083245882130436,0.0
2023-08-21,0.0,0.0,0.04373110768611618,0.9562688923138839,0.0
2023-08-22,0.0,0.0,0.053808421751297214,0.9461915782487027,0.0
2023-08-23,0.0,0.0,0.0,1.0,0.0
2023-08-24,0.0,0.0,0.04597564814729624,0.9540243518527036,0.0
2023-08-25,0.0,0.0,0.04743786355533926,0.9525621364446607,0.0
2023-08-26,0.0,0.0,0.03324682503125263,0.9667531749687474,0.0
2023-08-27,0.0,0.0,0.07170323955568585,0.928296760444314,0.0
2023-08-28,0.0,0.0,0.0,1.0,0.0
2023-08-29,0.0,0.0,0.06862889190656815,0.9313711080934318,0.0
2023-08-30,0.0,0.0,0.03731280510832628,0.9626871948916738,0.0
2023-08-31,0.0,0.0,0.0,1.0,0.0
2023-09-01,0.0,0.0,0.0,1.0,0.0
2023-09-02,0.0,0.0,0.0,1.0,0.0
2023-09-03,0.0,0.0,0.0,1.0,0.0
2023-09-04,0.0,0.0,0.0,1.0,0.0
2023-09-05,0.0,0.0,0.0,1.0,0.0
2023-09-06,0.0,0.0,0.0,1.0,0.0
2023-09-07,0.0,0.0,0.0,1.0,0.0
2023-09-08,0.0,0.0,0.0,1.0,0.0
2023-09-09,0.0,0.0,0.0,1.0,0.0
2023-09-10,0.0,0.0,0.0,1.0,0.0
2023-09-11,0.0,0.0,0.0,1.0,0.0
2023-09-12,0.0,0.0,0.0,1.0,0.0
2023-09-13,0.0,0.0,0.0,1.0,0.0
2023-09-14,0.0,0.0,0.0,1.0,0.0
2023-09-15,0.0,0.0,0.0,1.0,0.0
2023-09-16,0.0,0.0,0.0,1.0,0.0
2023-09-17,0.0,0.0,0.0,1.0,0.0
2023-09-18,0.0,0.0,0.0,1.0,0.0
2023-09-19,0.0,0.0,0.0,1.0,0.0
2023-09-20,0.0,0.0,0.0,1.0,0.0
2023-09-21,0.0,0.0,0.0,1.0,0.0
2023-09-22,0.0,0.0,0.0,1.0,0.0
2023-09-23,0.0,0.0,0.03642595993421982,0.9635740400657802,0.0
2023-09-24,0.0,0.0,0.0051520861904091435,0.9948479138095908,0.0
2023-09-25,0.0,0.0,0.009199048993895845,0.9908009510061041,0.0
2023-09-26,0.0,0.0014737511336090654,0.00043015945061018225,0.9980960894157808,0.0
2023-09-27,0.0,0.0,0.018766932313952604,0.9812330676860473,0.0
2023-09-28,0.0,0.0,0.03000779689804768,0.9699922031019523,0.0
2023-09-29,0.0,0.0,0.11655082115108684,0.8834491788489133,0.0
2023-09-30,0.0,0.0,0.054797624285738214,0.9452023757142618,0.0
2023-10-01,0.0,0.0,0.049742086212639786,0.9502579137873601,0.0
2023-10-02,0.0,0.0,0.09237956549915224,0.9076204345008476,0.0
2023-10-03,0.0,0.0,0.035648275416003045,0.964351724583997,0.0
2023-10-04,0.0,0.0,0.07445515254516472,0.9255448474548353,0.0
2023-10-05,0.0,0.0,0.08974916724341325,0.9102508327565866,0.0
2023-10-06,0.0,0.0,0.07127621892062934,0.9287237810793707,0.0
2023-10-07,0.0,0.0,0.0656016444621271,0.9343983555378729,0.0
2023-10-08,0.0,0.0,0.05899924994011666,0.9410007500598832,0.0
2023-10-09,0.0,0.0,0.07328300897313841,0.9267169910268616,0.0
2023-10-10,0.0,0.0,0.07561622984142173,0.9243837701585781,0.0
2023-10-11,0.0,0.0,0.09993158204560619,0.9000684179543934,0.0
2023-10-12,0.0,0.0,0.08094168115566683,0.9190583188443332,0.0
2023-10-13,0.0,0.0,0.13700920938213185,0.8629907906178682,0.0
2023-10-14,0.0,0.0,0.11767924455756056,0.8823207554424395,0.0
2023-10-15,0.0,0.0,0.10224122799414648,0.8977587720058534,0.0
2023-10-16,0.0,0.0,0.11143333263872793,0.888566667361272,0.0
2023-10-17,0.0,0.0,0.1702266193782275,0.8297733806217724,0.0
2023-10-18,0.0,0.0,0.19151004257448184,0.8084899574255181,0.0
2023-10-19,0.0,0.0,0.2133370227818742,0.7866629772181256,0.0
2023-10-20,0.0,0.0,0.16880431620721714,0.8311956837927833,0.0
2023-10-21,0.0,0.0014892174369634907,0.20258139575160433,0.7959293868114322,0.0
2023-10-22,0.0,0.0028050205375075125,0.20570256084880187,0.7914924186136907,0.0
2023-10-23,0.0,0.001912640344834196,0.3137380130933468,0.6843493465618191,0.0
2023-10-24,0.0,0.00711421072719268,0.26488581785890397,0.7279999714139034,0.0
2023-10-25,0.0,0.01731935173429646,0.3122963295044425,0.670384318761261,0.0
2023-10-26,0.0,0.008924412588717894,0.4384844696005893,0.5525911178106927,0.0
2023-10-27,0.0,0.02372506792345113,0.34558871727888074,0.6306862147976681,0.0
2023-10-28,0.005325020376349625,0.04311702576561738,0.3978624081986724,0.5536955456593606,0.0
2023-10-29,0.008828061464080175,0.027791454801414393,0.4568328948497001,0.5065475888848053,0.0
2023-10-30,0.010260097073292423,0.04288370462094861,0.4496735938936048,0.4971826044121541,0.0
2023-10-31,0.007134243328007276,0.039875576595855194,0.4211226411813486,0.5318675388947889,0.0
2023-11-01,0.01635329790142511,0.05101969110126919,0.5036453176827779,0.4289816933145276,0.0
2023-11-02,0.016936593716269974,0.05584888475579727,0.4529794596685499,0.47423506185938297,0.0
2023-11-03,0.013510449895186447,0.05963006287112087,0.4952056504420038,0.43165383679168867,0.0
2023-11-04,0.014326476951449979,0.05985397976041126,0.4959812973577057,0.42983824593043307,0.0
2023-11-05,0.016694874481832142,0.08285632565218584,0.5345361912345011,0.3659126086314809,0.0
2023-11-06,0.023766481151639034,0.09941946727850674,0.5207750875127733,0.35603896405708085,0.0
2023-11-07,0.02361231163564781,0.10873254938004283,0.514208245890743,0.3534468930935663,0.0
2023-11-08,0.028800443228370935,0.1410259075071162,0.5881622195050401,0.24201142975947276,0.0
2023-11-09,0.027062194950730437,0.14920391768338095,0.6050325507481668,0.21870133661772176,0.0
2023-11-10,0.03153846597929187,0.15505963446447796,0.5931087581979735,0.22029314135825687,0.0
2023-11-11,0.03499734890534455,0.17031299786887844,0.5566563001253934,0.23803335310038376,0.0
2023-11-12,0.031294118687562746,0.18686460810189723,0.5373416497816823,0.2444996234288577,0.0
2023-11-13,0.028990831508468207,0.23758949613513416,0.5368472024265674,0.19657246992983024,0.0
2023-11-14,0.023005106251917547,0.29223096949786326,0.5220751656989258,0.16268875855129336,0.0
2023-11-15,0.024504320834944825,0.2771031217816183,0.5257998539176784,0.17259270346575845,0.0
2023-11-16,0.022767476154286058,0.3796793525023365,0.4309056211395011,0.16664755020387656,0.0
2023-11-17,0.025713746723812804,0.3637841044977218,0.3949580679333795,0.2155440808450858,0.0
2023-11-18,0.013950348447922832,0.39314581265705995,0.4355512329193038,0.15735260597571343,0.0
2023-11-19,0.010124262521903984,0.4165339978865309,0.4004568857050687,0.17288485388649635,0.0
2023-11-20,0.011746140064852455,0.42019594078665334,0.36609824361460974,0.20195967553388455,0.0
2023-11-21,0.013194652137402644,0.42547061545696896,0.3663576434749528,0.19235674270775707,0.002620346222918471
2023-11-22,0.009873780186864741,0.4823569597358259,0.3444632999021128,0.1633059601751966,0.0
2023-11-23,0.014745997524060446,0.42397286532014755,0.3458070896873863,0.2054603752497603,0.010013672218645214
2023-11-24,0.008862655191096094,0.48979368015718955,0.3115046397996451,0.1858728363916055,0.003966188460463748
2023-11-25,0.005436252785299732,0.5529264371762932,0.2871271346238062,0.15270917297309994,0.0018010024415008328
2023-11-26,0.0025964652813290565,0.5423352626594805,0.3315251371157095,0.12354313494348118,0.0
2023-11-27,0.0,0.4901941841846619,0.40243564630086104,0.10737016951447713,0.0
2023-11-28,0.0,0.4759946217885468,0.42951184074336257,0.09449353746809058,0.0
2023-11-29,0.0,0.4610226756238786,0.4736195323236945,0.06535779205242682,0.0
2023-11-30,0.0,0.5144209670538771,0.406085759082868,0.07949327386325501,0.0
2023-12-01,0.0,0.44210764184457474,0.45551466020970105,0.10182136575302174,0.0005563321927024162
2023-12-02,0.0,0.49425063018324605,0.4160498250423809,0.08969954477437315,0.0
2023-12-03,0.0,0.48962468616631516,0.42307557934421425,0.08729973448947059,0.0
2023-12-04,0.0006412139156727198,0.46401224697651205,0.3958128120883808,0.12730028822286432,0.012233438796569917
2023-12-05,0.00045568154288732655,0.4484246677481822,0.4172022031216734,0.13266614684554712,0.001251300741709916
2023-12-06,0.0018777641738714265,0.4452005430255915,0.3948046326638661,0.13978534043420981,0.018331719702461235
2023-12-07,0.0,0.4475917622776179,0.44233882043338607,0.10240789505031178,0.007661522238684267
2023-12-08,0.0026426629219600227,0.39343652863747214,0.4349261289325174,0.14463301207528534,0.024361667432765084
2023-12-09,0.0034070294843397027,0.3409194242192118,0.4611143904681678,0.1644363419681019,0.03012281386017874
2023-12-10,0.002013317799699297,0.43858666459946616,0.36548876551373255,0.168184298300157,0.025726953786945107
2023-12-11,0.002539097420969069,0.38277899088376266,0.43603402267382996,0.15305761151476824,0.0255902775066701
2023-12-12,0.0020267124859218912,0.3942047188434123,0.4162359928073523,0.15361357168069012,0.033919004182623426
2023-12-13,0.0,0.2982564000234323,0.5892043117758484,0.08211684255880149,0.03042244564191794
2023-12-14,0.0005506512076575137,0.21006821051256983,0.657808816191474,0.09933065700276549,0.0322416650855332
2023-12-15,0.005896790246320446,0.18543813579411683,0.5935082240554087,0.18148058219214114,0.03367626771201293
2023-12-16,0.007934297202547135,0.283483176182348,0.4323295760955375,0.21364893990431907,0.06260401061524837
2023-12-17,0.004652135903169426,0.28568768431089764,0.4740716095631456,0.17635658558329823,0.059231984639489366
2023-12-18,0.00924542245938385,0.24771291488478925,0.5023269408242163,0.17846152486950292,0.062253196962107855
2023-12-19,0.007577817086805699,0.24181880054919946,0.4802932828748699,0.19553248760406783,0.07477761188505731
2023-12-20,0.004199152954319146,0.2743822821646226,0.4626052791099149,0.17808157638769884,0.08073170938344433
2023-12-21,0.006267019254701082,0.25580793695172904,0.42036035556531504,0.21704449642816415,0.10052019180009068
2023-12-22,0.004990697719635697,0.1575098500225551,0.5274484581706206,0.2190587824262491,0.09099221166093942
2023-12-23,0.005092213813738644,0.18935971939852395,0.5230412385234217,0.19946874042131352,0.08303808784300229
2023-12-24,0.006545945230040377,0.16063577325414347,0.5960336156725385,0.15314552788897792,0.08363913795429957
2023-12-25,0.009254936954155003,0.13530644296165728,0.5817220295370477,0.1846094420021132,0.08910714854502685
2023-12-26,0.006394503038070962,0.14644300881528455,0.5657953264779448,0.17807236987732777,0.10329479179137177
2023-12-27,0.0028348036151384128,0.14389948103107894,0.6347503369561828,0.10349833191555821,0.1150170464820417
2023-12-28,0.005678700068740591,0.12016931635136477,0.5822140741581628,0.16084711567836524,0.13109079374336638
2023-12-29,0.0024184400956293282,0.12337554288339433,0.635639724679408,0.08880479990609375,0.14976149243547426
2023-12-30,0.0,0.10454197828849109,0.653506452215483,0.08101344037089271,0.16093812912513317
2023-12-31,0.003358351318048805,0.10946657449453258,0.600172291733255,0.09645124585761451,0.1905515365965491
2024-01-01,0.0038089533212494267,0.1315240038078803,0.5653840105042696,0.09429024161763538,0.2049927907489653
2024-01-02,0.006033121568869638,0.13067089898114131,0.5023033120739977,0.12757625931820082,0.23341640805779046
2024-01-03,0.0070791383489232675,0.12432749134169233,0.494774654057604,0.12027150712388908,0.25354720912789147
2024-01-04,0.003329925040767838,0.07362209099626414,0.5560576951963334,0.10880699657129436,0.2581832921953401
2024-01-05,0.0,0.06795439587154596,0.5689481451441839,0.07172536861251397,0.29137209037175626
2024-01-06,0.001491643669347089,0.07741172229455962,0.538578657547445,0.0959285155698598,0.2865894609187885
2024-01-07,0.00740690586733421,0.1204900069893693,0.4322962682837104,0.13034050660345087,0.30946631225613525
2024-01-08,0.005405655461475246,0.10687820249399607,0.3948813294222461,0.08813570265130054,0.40469910997098224
2024-01-09,0.000710493021470365,0.0929633439310149,0.4527716501123707,0.09845513551475886,0.35509937742038505
2024-01-10,0.0023099660583408167,0.07812519794112016,0.44373242441304717,0.12500337491136443,0.3508290366761274
2024-01-11,0.0026884292479891093,0.08680137172208414,0.4353192942068625,0.09527759192050766,0.37991331290255664
2024-01-12,0.0037863180975414544,0.09817368252292936,0.4091571590967748,0.11251332822854822,0.37636951205420627
2024-01-13,0.005734328027407101,0.08660726194454782,0.3520360093139374,0.1415629944608079,0.41405940625329973
2024-01-14,0.004209498124461331,0.07789035137535656,0.3995233308737356,0.11189942043478182,0.4064773991916643
2024-01-15,0.0,0.08744383952579184,0.3335164967828704,0.07858798076441778,0.5004516829269202
2024-01-16,0.0,0.07302084123106015,0.3913945980820736,0.04734806861435058,0.4882364920725156
2024-01-17,0.0,0.06943168702792119,0.4024588925517198,0.06228819404475981,0.4658212263755994
2024-01-18,0.004950136762320728,0.07947653978811457,0.34557235806801756,0.10630939930974594,0.4636915660718014
2024-01-19,0.0,0.07858963042299565,0.28410791732604546,0.09709352150659581,0.5402089307443629
2024-01-20,0.0,0.04868493766176629,0.3771735930522389,0.023765815865792555,0.5503756534202022
2024-01-21,0.0,0.04791170547773382,0.3565310877224805,0.041810456643974446,0.5537467501558111
2024-01-22,0.0,0.05265714774765994,0.36924880720112824,0.04605705260388726,0.5320369924473246
2024-01-23,0.0,0.048874067172844676,0.35863722950548343,0.027180412330319422,0.5653082909913523
2024-01-24,0.0,0.0514046046164556,0.2786783587311631,0.026929090856208107,0.642987945796173
2024-01-25,0.0,0.038813731589775434,0.29843550350376047,0.02719849521973105,0.6355522696867331
2024-01-26,0.0,0.0382793367379417,0.5377646085673335,0.012624382835492859,0.41133167185923203
2024-01-27,0.0,0.0382202289504689,0.45691768029827945,0.07503961221775902,0.42982247853349276
2024-01-28,0.0,0.030299941847015854,0.4046094431159612,0.05177473766863651,0.5133158773683862
2024-01-29,0.0,0.03135427267945137,0.3458916688268378,0.08624714677039678,0.5365069117233142
2024-01-30,0.0,0.04857922147172268,0.2795451352020653,0.11557970160646493,0.5562959417197471
2024-01-31,0.0,0.04663641816432295,0.3980403687709578,0.1804189766467824,0.37490423641793685
2024-02-01,0.0,0.02208369072560873,0.43936692788399667,0.14559293871021572,0.39295644268017893
2024-02-02,0.0,0.009556133723919204,0.5773008935808867,0.12358458983598888,0.28955838285920527
2024-02-03,0.0,0.0011579235769722286,0.6616601344031436,0.09260774393088891,0.24457419808899544
2024-02-04,0.0,0.00021458251118611042,0.6492412226829636,0.11116802896939162,0.23937616583645885
2024-02-05,0.0,0.019180602607667414,0.4325804386125804,0.1457310573079673,0.40250790147178506
2024-02-06,0.0,0.01627440295580356,0.36024092047518824,0.14257831187013267,0.48090636469887543
2024-02-07,0.0,0.017116682335615994,0.4401547124118964,0.11381334178844763,0.42891526346404
2024-02-08,0.0,0.015436465169762936,0.4299204476644762,0.14863160578974538,0.40601148137601567
2024-02-09,0.0,0.014329579544045179,0.5449270044310842,0.12939188095046344,0.31135153507440694
2024-02-10,0.0,0.010710483681525693,0.6712539895558737,0.08875630698066907,0.22927921978193147
2024-02-11,0.0,0.010297045182891516,0.5759108211191117,0.11472263227907595,0.29906950141892047
2024-02-12,0.0,0.01542656818846205,0.2758802925735396,0.20202562233030982,0.5066675169076886
2024-02-13,0.0,0.020002146588953947,0.529898967195729,0.15450702047998102,0.295591865735336
2024-02-14,0.0,0.021674088447902293,0.5068584350543061,0.1651840180870734,0.30628345841071836
2024-02-17,0.08879862233329894,0.041637283014091614,0.2322691590319307,0.5256475598815402,0.11164737573913851
2024-02-18,0.09404125004032339,0.04344246230044535,0.20267053104318386,0.5452204133820797,0.11462534323396774
2024-02-19,0.10378688804134817,0.04383776103800058,0.1907691392493081,0.5443796014077733,0.11722661026356972
2024-02-20,0.11593004371034868,0.043801661808576725,0.1812106871500021,0.5442610389936454,0.1147965683374271
2024-02-21,0.12007169330181228,0.03920834790152586,0.22840879755715565,0.5137283243704485,0.09858283686905787
2024-02-22,0.11980661249398684,0.03811333207971912,0.24295541645203186,0.5022458483494086,0.09687879062485377
2024-02-23,0.0010845814642793626,0.018730212692238686,0.6824876554782091,0.22173015036123683,0.07596740000403585
2024-02-24,0.008303769183419574,0.03950275700892265,0.5124724617343906,0.3242005762453169,0.11552043582795038
2024-02-25,0.01394645667330948,0.04134386937079325,0.44738462493340353,0.3764748577120316,0.12085019131046212
2024-02-26,0.023835810646785006,0.04893022299447645,0.3329086748843804,0.43732044060267444,0.1570048508716835
2024-02-27,0.025390010721312084,0.07367835642756536,0.14163653104138463,0.4928649261001806,0.2664301757095572
2024-02-28,0.029606715912270008,0.08798931200795151,0.1524927424847922,0.48805110937620827,0.2418601202187781
2024-02-29,0.03564197122564282,0.08645010839408387,0.08373004817762855,0.5341521829684064,0.2600256892342382
2024-03-01,0.020162189062017465,0.06924632205762796,0.21602770499127424,0.4871488933084796,0.2074148905806009
2024-03-02,0.02791796328870974,0.08145816483237261,0.17164722609677022,0.47441439104611693,0.24456225473603052
2024-03-03,0.028849940776921067,0.11168266773505686,0.12182295135940104,0.4702964751082864,0.26734796502033453
2024-03-04,0.011764328198818598,0.07791343606795374,0.249418777981865,0.38887566681055186,0.27202779094081053
2024-03-05,0.02247240949569719,0.10412941194458934,0.1213931584914803,0.44963479354294955,0.30237022652528367
2024-03-06,0.016731981496831486,0.08147217449365995,0.16727981683268267,0.4417789950199567,0.292737032156869
2024-03-07,0.004327413478413852,0.04103369034419463,0.29344625078784564,0.3595741058969968,0.30161853949254896
2024-03-08,0.006474283969729877,0.04967449914879789,0.20484825327586095,0.38809624185474734,0.350906721750864
2024-03-09,0.004228541242948608,0.06826850549765186,0.11466612450590069,0.43214726605388903,0.38068956269960974
2024-03-10,0.0,0.04097456809095141,0.1920332895646169,0.3902874244706632,0.37670471787376864
2024-03-11,0.0,0.008766040166676346,0.24440655278606258,0.37748378687483203,0.36934362017242894
2024-03-12,0.0,0.0,0.38419499676420416,0.2809132112902384,0.33489179194555746
2024-03-13,0.0,0.0,0.32302970911086953,0.2750599321870105,0.40191035870211994
2024-03-14,0.00113928540415369,0.0,0.4751833137763459,0.2096290016743065,0.3140483991451938
2024-03-15,0.001869652649891482,0.0,0.5589496419932802,0.1532768646782403,0.2859038406785878
2024-03-16,0.0,0.0,0.5312898234051227,0.13039641541730565,0.3383137611775716
2024-03-17,0.0,0.0,0.7057988269204255,0.029821962380248222,0.26437921069932646
2024-03-18,0.0,0.0,0.7263880606176945,0.05151780672843477,0.2220941326538707
2024-03-19,0.0,0.0,0.7403200334693947,0.027755534287781873,0.2319244322428234
2024-03-20,0.0,0.0,0.7346307834850562,0.033500723267511745,0.231868493247432
2024-03-21,4.704816814305596e-05,0.0,0.811227057496352,0.019295989427442574,0.16942990490806226
2024-03-22,0.0,0.0,0.9549391693901984,0.0,0.045060830609801636
2024-03-23,0.0,0.0,0.6763131489944431,0.08312065812536526,0.24056619288019165
2024-03-24,0.0007060349022031866,0.0,0.3678892607216209,0.2602824108852552,0.37112229349092074
2024-03-25,0.0005336119579839394,0.0,0.5888266671557517,0.14413607892579286,0.2665036419604714
2024-03-26,0.0,0.0,0.7215730783028328,0.09094121787373222,0.18748570382343507
2024-03-27,0.0,0.0,0.8245800998590017,0.04467463802975651,0.13074526211124166
2024-03-28,0.0006758418004555603,0.0007642897630453747,0.7402218673475369,0.12126364891814624,0.1370743521708161
2024-03-29,0.0027479051776496694,0.0006215140442230385,0.7669507190460776,0.12358866275083212,0.1060911989812177
2024-03-30,0.0111221227506514,0.013974148706983748,0.6852648034161264,0.17045272912599435,0.11918619600024416
2024-03-31,0.005566521228051959,0.0001007810135181253,0.8957138709828545,0.04048874719255906,0.05813007958301643
2024-04-01,0.002379797643105464,0.0010456669827842192,0.9604137363621867,0.01780470309378498,0.018356095918138592
2024-04-02,0.007382552285417579,0.008175855081222805,0.9039117065763986,0.05558935250640383,0.0249405335505573
2024-04-03,0.0,0.0,1.0,0.0,0.0
2024-04-04,0.0,0.0,1.0,0.0,0.0
2024-04-05,0.0,0.0,1.0,0.0,0.0
2024-04-06,0.0,0.0,1.0,0.0,0.0
2024-04-07,0.0,0.0,1.0,0.0,0.0
2024-04-08,0.0,0.0,1.0,0.0,0.0
2024-04-09,0.0,0.0,1.0,0.0,0.0
2024-04-10,0.0,0.0,1.0,0.0,0.0
2024-04-11,0.0,0.0,1.0,0.0,0.0
2024-04-12,0.0,0.0,1.0,0.0,0.0
2024-04-13,0.0,0.0,1.0,0.0,0.0
2024-04-14,0.0,0.0,1.0,0.0,0.0
2024-04-15,0.0,0.0,1.0,0.0,0.0
2024-04-16,0.0,0.0,1.0,0.0,0.0
2024-04-17,0.0,0.0,1.0,0.0,0.0
2024-04-18,0.07951271347666965,0.03681825756575795,0.30476499167496773,0.48327174036692944,0.09563229691567503
2024-04-19,0.07972728174157011,0.03738299190071612,0.298129059028002,0.486142704544896,0.0986179627848159
2024-04-20,0.08242040279471641,0.03624546256254074,0.3081643945593726,0.48201416564880095,0.09115557443456915
2024-04-21,0.0,0.0,1.0,0.0,0.0
2024-04-22,0.0,0.0,1.0,0.0,0.0
2024-04-23,0.0,0.0,1.0,0.0,0.0
2024-04-24,0.0,0.0,1.0,0.0,0.0
2024-04-25,0.0,0.0,1.0,0.0,0.0
2024-04-26,0.0,0.0,1.0,0.0,0.0
2024-04-27,0.0,0.0,1.0,0.0,0.0
2024-04-28,0.0,0.0,1.0,0.0,0.0
2024-04-29,0.011781949290296904,0.007509885912302321,0.9637180758878143,0.016990088909586636,0.0
2024-04-30,0.018399890273018096,0.005921973273533367,0.9257722076158119,0.04990592883763652,0.0
2024-05-01,0.010882431514229896,0.0019208489351688635,0.9490180928124222,0.03817862673817915,0.0
2024-05-02,0.014188895544088642,0.00989795242593034,0.9189859512946095,0.05664801799789643,0.0002791827374753926
2024-05-03,0.02545945104987498,0.011765840790872437,0.8497803940093858,0.10252708963407293,0.010467224515793894
2024-05-04,0.04844256962654598,0.021985240330162928,0.6677507582751332,0.22317135345779932,0.038650078310358695
2024-05-05,0.07115014754539419,0.024440942564213183,0.5668725997332232,0.2848771793389733,0.052659130818196134
2024-05-06,0.06737465202751071,0.020249642260575504,0.6538132592188227,0.2208037968901676,0.03775864960292328
2024-05-07,0.11883588966190621,0.01841155634741677,0.6277985169545738,0.20303105799468907,0.031922979041414286
2024-05-08,0.14755927456856077,0.037125058094114774,0.5133733979784029,0.2615999851005047,0.04034228425841699
2024-05-09,0.12369781977328059,0.05604327156967322,0.48778532322863233,0.28032226594239934,0.05215131948601451
2024-05-10,0.2021007932106737,0.05214005745095537,0.40614198562098697,0.28360866234076926,0.0560085013766147
2024-05-11,0.3754209755753139,0.04878779906688326,0.3023374699664164,0.22631611020105097,0.0471376451903354
2024-05-12,0.8470232069979341,0.017714307699344754,0.09475310314508156,0.027203122804181416,0.01330625935345811
2024-05-13,1.0,0.0,0.0,0.0,0.0
2024-05-14,0.7781412433506487,0.04048521273988659,0.15617838171316623,0.009491785730171993,0.015703376466126535
2024-05-15,1.0,0.0,0.0,0.0,0.0
2024-05-16,1.0,0.0,0.0,0.0,0.0
2024-05-17,1.0,0.0,0.0,0.0,0.0
2024-05-18,1.0,0.0,0.0,0.0,0.0
2024-05-19,1.0,0.0,0.0,0.0,0.0
2024-05-20,1.0,0.0,0.0,0.0,0.0
2024-05-21,1.0,0.0,0.0,0.0,0.0
2024-05-22,1.0,0.0,0.0,0.0,0.0
2024-05-23,0.9119089840088137,0.0015395030225756716,0.0865515129686106,0.0,0.0
2024-05-24,0.7718903896615003,0.0070978582715620735,0.2106638581290216,0.0,0.010347893937916016
2024-05-25,0.7268554980231232,0.014906358887804283,0.25202768845628987,0.0,0.006210454632782674
2024-05-26,0.7267187226459786,0.02209449052934374,0.1951749516118882,0.039199948997673845,0.016811886215115524
2024-05-27,0.7443449580468653,0.023393612913476285,0.2008094153470057,0.018089719311457576,0.013362294381195195
2024-05-28,0.6037014818753911,0.015333980315472302,0.32897492323365973,0.03897324780995874,0.013016366765518175
2024-05-29,0.5508209196186272,0.02017137516939364,0.32803347720426135,0.07954650136747145,0.02142772664024634
2024-05-30,0.4424949247516093,0.012018392770788418,0.4181919570252137,0.11158979214024758,0.01570493331214092
2024-05-31,0.3523660512768904,0.02062455956113664,0.4933966951810839,0.13007159875819232,0.0035410952226966764
2024-06-01,0.2303056622322421,0.02426794463298416,0.5745470862075004,0.17087930692727338,0.0
2024-06-02,0.1547308606336538,0.0360001181445306,0.6258253090979913,0.18344371212382443,0.0
2024-06-03,0.17647749174669364,0.07090111983797105,0.36462236364990785,0.37076482285874657,0.017234201906680912
2024-06-04,0.17369228853968494,0.11331030567481512,0.3206849682062009,0.3717611856385719,0.020551251940727072
2024-06-05,0.12355629692178827,0.19564124685544731,0.3002748299581032,0.35170624489941443,0.028821381365246878
2024-06-06,0.1237358420203738,0.2758586575077557,0.3334946307912501,0.2556117029618923,0.011299166718728132
2024-06-07,0.1598047052881948,0.3292704226028887,0.3484326659890127,0.1624922061199039,0.0
2024-06-08,0.15828391784937842,0.49708415994769,0.15738884326679176,0.16866572353947798,0.018577355396661766
2024-06-09,0.09308414824024275,0.6035434971326271,0.18879589801001337,0.10868772266570709,0.005888733951409749
2024-06-10,0.058497236813059024,0.7420630886884425,0.11739457669356258,0.0783157376119112,0.003729360193024741
2024-06-11,0.03026137562272979,0.8118299688326406,0.10214664963377817,0.05573567808030711,2.632783054427011e-05
2024-06-12,0.02218057005298547,0.8542592316636826,0.06841052672593485,0.05514967155739727,0.0
2024-06-13,0.01122301004990892,0.8847416207547417,0.04556824886214108,0.05780914672153017,0.0006579736116780806
2024-06-14,0.010063854384223346,0.8942452442164838,0.01889622843322677,0.07613524127809453,0.0006594316879716176
2024-06-15,0.003923617378035719,0.9180884023489926,0.01917778025404174,0.0588102000189299,0.0
2024-06-16,0.008885519938110162,0.9161314492435977,0.02953471962887821,0.045448311189414024,0.0
2024-06-17,0.006794235732984556,0.9336986424636571,0.023770809762610992,0.03573631204074721,0.0
2024-06-18,0.02459991333693932,0.7047561768527835,0.09257839165875026,0.1721111657311173,0.005954352420409829
2024-06-19,0.03505098399318258,0.5793448722811728,0.08801035912077688,0.2804003182308433,0.017193466374024254
2024-06-20,0.061779316946903896,0.2269598475406579,0.20501662240291046,0.47897494872960694,0.027269264379920805
2024-06-21,0.11195530171383229,0.02784160477522853,0.29434537236268743,0.5408667178752898,0.024991003272961842
2024-06-22,0.14309476957521378,0.022910436078168853,0.30116249047813365,0.5062967171159127,0.02653558675257101
2024-06-23,0.17032477019344017,0.020909117157804233,0.23664810131484548,0.5395388492781902,0.03257916205571994
2024-06-24,0.1533712872214543,0.017493098962199402,0.3171538993609355,0.49295047750088644,0.01903123695452434
2024-06-25,0.1208668263856668,0.026114886117396853,0.36831684851840757,0.4727933832451995,0.011908055733329261
2024-06-26,0.16327249437329364,0.01770644539858244,0.36004343365250774,0.45897762657561625,0.0
2024-06-27,0.2054624957606345,0.01594009694794237,0.20102893181670506,0.577568475474718,0.0
2024-06-28,0.15030064173789323,0.017785653691532954,0.19177176669827067,0.6200934903020253,0.020048447570277766
2024-06-29,0.10332019410599964,0.016179093904785502,0.24381438597362745,0.6186455759751146,0.018040750040472862
2024-06-30,0.04682041871884855,0.01476720894931776,0.3633537538833193,0.5750586184485145,0.0
2024-07-01,0.0646576300957966,0.01498757029406492,0.3748083327357085,0.5362290560836589,0.009317410790771061
2024-07-02,0.05086397210250974,0.023060476093232495,0.3509828391858714,0.5514121895540155,0.023680523064371024
2024-07-03,0.06390183717189724,0.026524338366031956,0.26610276788972725,0.59200008862024,0.05147096795210343
2024-07-04,0.08884499815992068,0.027855094972072104,0.265637886164969,0.5651394149621901,0.05252260574084801
2024-07-05,0.08612090827826445,0.0351638292547882,0.2176264732106304,0.5947001007233961,0.06638868853292086
2024-07-06,0.08492878175338034,0.041902061819220154,0.2040802933008682,0.596425677315518,0.07266318581101358
2024-07-07,0.12828728602592515,0.034001701486953376,0.20918610352261416,0.5523980882832134,0.07612682068129396
2024-07-08,0.16108889546289867,0.03206915171002502,0.16837373899514668,0.5702788920439743,0.06818932178795521
2024-07-09,0.13184376058623234,0.02808966356301055,0.1341277694528924,0.6342576584726093,0.07168114792525551
2024-07-10,0.13944823464453115,0.013821734877894402,0.10695147460064298,0.6595924318950551,0.08018612398187634
2024-07-11,0.24488019987834045,0.010556489886373477,0.12511812805399095,0.5630476853022449,0.05639749687905013
2024-07-12,0.2523172769436611,0.0071408173003860605,0.07782011518845913,0.6291025639908967,0.033619226576597036
2024-07-13,0.4037299212400923,0.0007897286753069839,0.12068426369233211,0.4638557376397533,0.010940348752515316
2024-07-14,0.279197022092519,0.008300471209692885,0.10370570569489165,0.5924536796747571,0.016343121328139327
2024-07-15,0.12628996732800307,0.00858962452355521,0.0753425155934146,0.767984346560067,0.021793545994960088
2024-07-16,0.12502734774292074,0.011029903310344983,0.06618601926294347,0.7811177522781338,0.01663897740565708
2024-07-17,0.11037599582507435,0.011176452493172055,0.07433877845175657,0.7961631161604048,0.00794565706959207
2024-07-18,0.18366077149495832,0.0038160690864453405,0.0,0.8008945671055169,0.01162859231307956
2024-07-19,0.2848775866508681,0.0017145354981904955,0.018208939657701085,0.692128660068025,0.003070278125215417
2024-07-20,0.3116999642013685,0.0,0.037077010225024486,0.651223025573607,0.0
2024-07-21,0.31508060907733576,0.0,0.03790668816518045,0.6470127027574838,0.0
2024-07-22,0.7071562034407182,0.0,0.053286383371325435,0.23955741318795648,0.0
2024-07-23,0.6772362671591852,0.0,0.04730875117042162,0.2754549816703933,0.0
2024-07-24,0.5338949367935224,0.0,0.014589591113078802,0.4515154720933988,0.0
2024-07-25,0.6626000062018192,0.0,0.022742423424541587,0.3146575703736392,0.0
2024-07-26,0.6393739033251534,0.0,0.04432075795597802,0.3163053387188686,0.0
2024-07-27,0.4959467004165069,0.0,0.04897000351665572,0.4550832960668374,0.0
2024-07-28,0.22989458200321938,0.0,0.0677100214212557,0.702395396575525,0.0
2024-07-29,0.12961108198452662,0.0,0.12831300734291096,0.7420759106725623,0.0
2024-07-30,0.03883035072072891,0.0,0.2430610160838771,0.718108633195394,0.0
2024-07-31,0.02355636065157162,0.0,0.38437972098671136,0.592063918361717,0.0
2024-08-01,0.014812707179936317,0.003230486580366048,0.4749301844158367,0.507026621823861,0.0
2024-08-02,0.01985079364151982,0.008034652170886598,0.39638403284136103,0.5757305213462324,0.0
2024-08-03,0.017631432318404854,0.0,0.5322461083012697,0.4501224593803253,0.0
2024-08-04,0.02093752311085388,0.0,0.47569244842421504,0.5033700284649312,0.0
2024-08-05,0.04766087417609813,0.0,0.49982189943183364,0.45251722639206815,0.0
2024-08-06,0.0882576881950077,0.0,0.4705477790546764,0.44119453275031606,0.0
2024-08-07,0.08903946007944435,0.0,0.4807067420694316,0.4302537978511241,0.0
2024-08-08,0.1357531313754827,0.0,0.43610333654067235,0.42814353208384504,0.0
2024-08-09,0.1080409696005236,0.0,0.39401277272325863,0.49794625767621786,0.0
2024-08-10,0.14241190899941134,0.0,0.3555335935471327,0.5020544974534558,0.0
2024-08-11,0.13653583289244814,0.0,0.28316988983794716,0.5802942772696047,0.0
2024-08-12,0.09377545473022944,0.0,0.22151707072958882,0.6847074745401819,0.0
2024-08-13,0.029845115446004683,0.0,0.31087629696543756,0.6592785875885577,0.0
2024-08-14,0.0,0.0,0.3249620271493679,0.6750379728506322,0.0
2024-08-15,0.0,0.0,0.3160885057867717,0.6839114942132284,0.0
2024-08-16,0.0,0.0,0.2679202972606055,0.7320797027393946,0.0
2024-08-17,0.0,0.0,0.3310563612627566,0.6689436387372434,0.0
2024-08-18,0.0,0.0,0.21441780391714552,0.7855821960828545,0.0
2024-08-19,0.0,0.0,0.20372314281156928,0.7962768571884311,0.0
2024-08-20,0.0,0.0,0.11001218522085593,0.8899878147791441,0.0
2024-08-21,0.0,0.0,0.11015344456360436,0.8898465554363957,0.0
2024-08-22,0.0,0.0,0.11590011809326159,0.8840998819067386,0.0
2024-08-23,0.0,0.0,0.1404680877918901,0.85953191220811,0.0
2024-08-24,0.0,0.0,0.09624838049756353,0.9037516195024362,0.0
2024-08-25,0.0,0.0,0.11268534579611118,0.8873146542038886,0.0
2024-08-26,0.0,0.0,0.17544716273415326,0.8245528372658469,0.0
2024-08-27,0.0,0.0,0.15905912486145132,0.8409408751385488,0.0
2024-08-28,0.0,0.0,0.07865199666503056,0.9213480033349694,0.0
2024-08-29,0.0,0.0,0.06955403427034691,0.9304459657296534,0.0
2024-08-30,0.0,0.0,0.05536112876215807,0.944638871237842,0.0
2024-08-31,0.0,0.0,0.07405942608406746,0.9259405739159325,0.0
2024-09-01,0.0,0.0,0.04365431535968284,0.956345684640317,0.0
2024-09-02,0.0,0.0,0.08015307387503487,0.9198469261249649,0.0
2024-09-03,0.0,0.0,0.05792347537638598,0.942076524623614,0.0
2024-09-04,0.0,0.0,0.10526563347961326,0.8947343665203868,0.0
2024-09-05,0.0,0.0,0.10642260438694548,0.8935773956130546,0.0
2024-09-06,0.032510666381602146,0.0,0.09439293864995354,0.8730963949684443,0.0
2024-09-07,0.061381474333456594,0.0,0.05233774954107886,0.8862807761254646,0.0
2024-09-08,0.08229152063068099,0.0,0.02775613865206914,0.8899523407172497,0.0
2024-09-09,0.09125923273934114,0.0,0.02281330137375382,0.885927465886905,0.0
2024-09-10,0.08577025777694797,0.0,0.04619806353926294,0.868031678683789,0.0
2024-09-11,0.08665622565665351,0.0,0.01161343656759084,0.9017303377757557,0.0
2024-09-12,0.11343796150776711,0.0,0.09813286623845774,0.7884291722537748,0.0
2024-09-13,0.12345698781095087,0.0,0.11780333863964214,0.7587396735494071,0.0
2024-09-14,0.13918048368960628,0.0,0.15183582566945134,0.7089836906409424,0.0
2024-09-15,0.1663969801180614,0.0,0.1323690256576381,0.7012339942243005,0.0
2024-09-16,0.19044932420327484,0.0,0.22674385460199764,0.5828068211947275,0.0
2024-09-17,0.1863235348629765,0.0,0.28857593818329075,0.5251005269537328,0.0
2024-09-18,0.21703126338521989,0.0,0.2576168789578872,0.5253518576568929,0.0
2024-09-19,0.3417333003658528,0.0,0.25331580000059617,0.4049508996335509,0.0
2024-09-20,0.2710550213638271,0.00428857371165018,0.2412481820768433,0.48340822284767937,0.0
2024-09-21,0.39631892455817286,0.01428079596854783,0.21182959390932785,0.3775241010174334,4.6584546518143796e-05
2024-09-22,0.5999503799245018,0.013985583597567844,0.1278919650960292,0.24904354876751317,0.009128522614387914
2024-09-23,0.6656594021950928,0.0062136586178128915,0.12964975370166462,0.1876198288366392,0.010857356648790463
2024-09-24,0.546456919784521,0.004578527854770616,0.2055004004934657,0.23798989226830908,0.005474259598933599
2024-09-25,0.5499989575551725,0.004417811138660016,0.2056218368270435,0.2373940336359199,0.002567360843204105
2024-09-26,0.5242667920626245,0.002075445280520803,0.21745032443255846,0.2562074382242962,0.0
2024-09-27,0.40844605409214824,0.0022013976674466005,0.218020346708866,0.3712810389651242,5.116256641485295e-05
2024-09-28,0.37249528275849464,0.0040675979217325315,0.20889230059742037,0.41178946528263044,0.0027553534397221184
2024-09-29,0.33405407488851535,0.005279735056672449,0.19599171208469607,0.4598907404127993,0.00478373755731685
2024-09-30,0.2784827091520499,0.008981863121436806,0.25606830408386677,0.45376462093053566,0.0027025027121107565
2024-10-01,0.16003917208180185,0.007866947356582344,0.27827645526919076,0.553817425292425,0.0
2024-10-02,0.12338951550901833,0.008504795203658187,0.27053831335597456,0.5975673759313489,0.0
2024-10-03,0.09140866576975148,0.017839623608096947,0.2781322192776862,0.6126194913444654,0.0
2024-10-04,0.05216594659509768,0.01691330255989668,0.30497560108984567,0.62594514975516,0.0
2024-10-05,0.042805244618213466,0.024295656433783737,0.35154840852964037,0.5790517224823126,0.00229896793604987
2024-10-06,0.022759181064606337,0.04261353303413568,0.4193766961167329,0.5089110266630227,0.006339563121502499
2024-10-07,0.02813036647562183,0.036856533036834296,0.45359687767357776,0.4751924309286389,0.0062237918853271495
2024-10-08,0.021759362640969435,0.025337521580092913,0.5081744964549899,0.44472861932394786,0.0
2024-10-09,0.002064888490959914,0.052512664969559565,0.5643824623812128,0.3810399841582676,0.0
2024-10-10,0.0013580931784764098,0.05796785673616592,0.5217124543743515,0.41322842956575945,0.005733166145246607
2024-10-11,0.002744739292087097,0.06983290250793968,0.4590172248621219,0.4584535548468823,0.00995157849096904
2024-10-12,0.0,0.04070245604603756,0.5361279972244912,0.40867192184547674,0.014497624883994389
2024-10-13,0.0015732662994953723,0.0531739556464512,0.5157596189781984,0.41377783460618195,0.015715324469672835
2024-10-14,0.0036707706048291593,0.05968758684575945,0.4892392879620587,0.427961391068613,0.01944096351873976
2024-10-15,0.007409709529536021,0.08669801808330599,0.47382175743757193,0.4175824466129706,0.014488068336615392
2024-10-16,0.00950150516747648,0.05872492302373322,0.3690408351273957,0.5349252917059825,0.027807444975411832
2024-10-17,0.015014190831287116,0.10433105568131457,0.40676430283026277,0.4388796899483691,0.035010760708766527
2024-10-18,0.013996833342602776,0.06595332628307259,0.45805458769739404,0.43504000950791344,0.026955243169017255
2024-10-19,0.017864334357328024,0.0710685017373941,0.46941608118749284,0.4167449697748031,0.024906112942981933
2024-10-20,0.022052955980280276,0.055459768557240635,0.4206276616468427,0.46780591281407735,0.03405370100155919
2024-10-21,0.02624575765822186,0.06125571358309568,0.3932647230217775,0.471020818656226,0.04821298708067894
2024-10-22,0.029604670836484312,0.0540921441138805,0.34643410330596813,0.511534251029935,0.05833483071373201
2024-10-23,0.027741709799081866,0.04906404419893103,0.3574624222224032,0.5072119751414813,0.05851984863810263
2024-10-24,0.027684852465305127,0.09413070429844919,0.38529644719411554,0.43518753704509483,0.05770045899703539
2024-10-25,0.02702030254637081,0.07094898828518569,0.37569408297336593,0.4631256102558799,0.06321101593919783
2024-10-26,0.027758755423508637,0.061862560235285365,0.4242866440199988,0.4382872550710686,0.04780478525013856
2024-10-27,0.02433481268713307,0.06224480209170563,0.42473119647607255,0.44364654055158564,0.045042648193503065
2024-10-28,0.023786663376467433,0.07743480243168628,0.4207473628667711,0.4319373820158377,0.04609378930923718
2024-10-29,0.024251994753668946,0.06846337654449428,0.3897729210153478,0.46433436214572343,0.05317734554076566
2024-10-30,0.022799749548423717,0.045005781938357275,0.39056503080550603,0.49006561926901276,0.05156381843870016
2024-10-31,0.018433620128281262,0.034439965883887785,0.3963073023874969,0.5033330337240116,0.047486077876322454
2024-11-01,0.023035460172569217,0.05728010093039482,0.4193313579888928,0.4564385893409699,0.04391449156717299
2024-11-02,0.021351015668253974,0.04806820633953433,0.38127277002641463,0.49592223240886885,0.05338577555692797
2024-11-03,0.01626499196129851,0.053774444149356615,0.40599302755558747,0.4786412246010834,0.04532631173267393
2024-11-04,0.009471087314846043,0.031134924953898878,0.4879133064553778,0.4381140082844451,0.03336667299143212
2024-11-05,0.014917658965427776,0.05475366808791538,0.39693240419205456,0.4857599851501247,0.04763628360447788
2024-11-06,0.01586270604774767,0.047656615816217086,0.3840999738151469,0.4915452097728843,0.060835494548004
2024-11-07,0.014116447748271331,0.05022252553657213,0.4058171931866188,0.47471793177254773,0.055125901755990005
2024-11-08,0.01584074622867814,0.059051388702797525,0.3989194537742853,0.46473297640496203,0.061455434889276975
2024-11-09,0.015572289192318803,0.05788269854027375,0.3840950345175878,0.46878334732574106,0.07366663042407832
2024-11-10,0.015135768960392607,0.05459261878215556,0.38021969308955184,0.4723728234757335,0.07767909569216658
2024-11-11,0.014099300172454435,0.06402032965487098,0.38883332517009705,0.45159448599717134,0.08145255900540614
2024-11-12,0.013853785890273994,0.0518864921117165,0.399740495485072,0.4514998292495931,0.08301939726334417
2024-11-13,0.013656092957820429,0.03492829660644245,0.3552343211975163,0.4849997741320989,0.11118151510612188
2024-11-14,0.010604029096809638,0.0402725529312929,0.4066665782184048,0.4390113832977149,0.1034454564557776
2024-11-15,0.016714572673561245,0.051324435975099496,0.378802314693738,0.4591551562611851,0.0940035203964162
2024-11-16,0.02235698179482474,0.055381042707595037,0.3571293671024504,0.46520516330469075,0.09992744509043898
2024-11-17,0.019530245408287003,0.05968836852717505,0.3935654452358883,0.4332828520180475,0.09393308881060222
2024-11-18,0.021548205567045023,0.046016127004322706,0.36358062120226775,0.46481478432213297,0.10404026190423155
2024-11-19,0.019273847605198284,0.04342299170134175,0.37253012026049503,0.4678254995266186,0.09694754090634623
2024-11-20,0.01914800581928383,0.04366864333251767,0.3810457878308628,0.44348961075920695,0.11264795225812889
2024-11-21,0.01969694810720639,0.029400147083493165,0.4182614863287633,0.4349904976228607,0.0976509208576765
2024-11-22,0.019037896544028203,0.02381650801150694,0.4353878943870013,0.42639156793859867,0.09536613311886492
2024-11-23,0.01758367339777564,0.02771915058646477,0.48387273989892376,0.3929573241001824,0.07786711201665344
2024-11-24,0.020180015793067385,0.031227042672556646,0.45139481364544687,0.41091802726050025,0.08628010062842888
2024-11-25,0.024299730540231948,0.04502059292933896,0.43565429889859775,0.4085262893277035,0.08649908830412752
2024-11-26,0.022533941795798096,0.05186047859892742,0.4570733168243355,0.3835392452529013,0.08499301752803776
2024-11-27,0.02465389755041625,0.07440903571116209,0.3915551815835243,0.41242576684724974,0.09695611830764761
2024-11-28,0.02296657232823191,0.046850778684499356,0.4201703110678082,0.4136557639798113,0.09635657393964929
2024-11-29,0.02452855537931703,0.04856254393011497,0.40906719260448354,0.4044830594888108,0.11335864859727371
2024-11-30,0.020418388833381047,0.04402203689467156,0.4273786018838819,0.3906598265562637,0.11752114583180194
2024-12-01,0.02211240410784212,0.03928855228545723,0.38864889305679656,0.42364584416405765,0.12630430638584664
2024-12-02,0.021653949036448836,0.04616038391014451,0.3686521126435242,0.41673773573052414,0.14679581867935834
2024-12-03,0.026805955308243187,0.06089153524030824,0.3637450955603982,0.42508793322139327,0.12346948066965717
2024-12-04,0.027105041830671694,0.04534829531585252,0.3173094650721008,0.4598099775707444,0.15042722021063085
2024-12-05,0.026936680190188564,0.056732223848476815,0.3282954508166638,0.42894871412309526,0.1590869310215755
2024-12-06,0.029099653502553682,0.04576479681000951,0.29283853602277815,0.45332954305487566,0.17896747060978296
2024-12-07,0.027427037463179538,0.04684966842263989,0.3132409508713934,0.4353334022980085,0.17714894094477887
2024-12-08,0.025663794232881024,0.03965500726658843,0.36097720655275134,0.4023926945778246,0.17131129736995448
2024-12-09,0.025030208689142526,0.032223928765891426,0.2884683085501867,0.4333582053520184,0.22091934864276108
2024-12-10,0.02711830939354984,0.032971396471219085,0.2811072593606808,0.4556552542567732,0.20314778051777704
2024-12-11,0.02438647672463281,0.029823091372245404,0.3480807864645211,0.41364171877347145,0.18406792666512917
2024-12-12,0.02150111189908866,0.014034595093829302,0.31417107928743443,0.42624863215605696,0.22404458156359075
2024-12-13,0.02418082533681655,0.023664130251727207,0.32458701416060554,0.43804867655972846,0.18951935369112216
2024-12-14,0.02745296643783221,0.01993307720631793,0.3000045565446412,0.4518023873005127,0.20080701251069616
2024-12-15,0.02704437142210392,0.027058606739281704,0.2679586178083795,0.4703955156485173,0.20754288838171736
2024-12-16,0.030260821169050447,0.03356288491429432,0.2509054530186989,0.49614790801257774,0.18912293288537857
2024-12-17,0.03212910590254239,0.039859623182235515,0.24523194834166945,0.47070945287921756,0.212069869694335
2024-12-18,0.030606275920342957,0.040647992784839784,0.25443711738291536,0.46267357638255874,0.21163503752934315
2024-12-19,0.03260191108994617,0.04272845125839045,0.22132141336272462,0.4513019850084029,0.25204623928053593
2024-12-20,0.03567410908715289,0.04169425621066991,0.17137092158478084,0.4899982497209028,0.2612624633964936
2024-12-21,0.03620276376918852,0.04849493203587564,0.1799488578364093,0.5040976840503096,0.23125576230821704
2024-12-22,0.034440779513435826,0.043185074417193825,0.17930568183712214,0.5029267044022032,0.24014175983004507
2024-12-23,0.03020174272046791,0.046934847474765895,0.24232502850843085,0.4238573162095515,0.2566810650867837
2024-12-24,0.031149749536046434,0.029880117504382325,0.2260994973116795,0.4397907968354131,0.27307983881247866
2024-12-25,0.0304325724130238,0.03353693223635562,0.2103707735047016,0.4063604216189477,0.31929930022697117
2024-12-26,0.03177338530192064,0.0406324041681379,0.19599369421120472,0.4455771036809869,0.2860234126377498
2024-12-27,0.031495748373488855,0.03837533006796001,0.2143640880349399,0.4490650376589429,0.2666997958646685
2024-12-28,0.033133956909670956,0.03713728412879494,0.21457664140677438,0.43005953844597344,0.2850925791087864
2024-12-29,0.027780114891744437,0.027202679295202828,0.2559028484161746,0.3925481400249149,0.29656621737196337
2024-12-30,0.02968819048316608,0.025282257331126642,0.19529516554228982,0.4216235944320226,0.3281107922113951
2024-12-31,0.03145871012104247,0.022329806066321373,0.12751397923596441,0.4584070519899517,0.36029045258672
